"Time (s)","X (m/s^2)","Y (m/s^2)","Z (m/s^2)"
8.575416723E-4,-8.707542572E0,-7.289840698E-2,4.208049316E0
1.089854167E-2,-8.378826141E0,3.644920349E-1,4.385580139E0
2.093854167E-2,-8.148604889E0,4.498146057E-1,4.561314697E0
3.097954167E-2,-8.277187500E0,3.576063538E-1,4.546046448E0
4.102054167E-2,-8.378227386E0,4.607418823E-1,4.541555786E0
5.106054167E-2,-8.348589020E0,4.430786133E-1,4.627327423E0
6.110154167E-2,-8.321046295E0,4.400848389E-1,4.699327698E0
7.114154167E-2,-8.326734467E0,4.677772522E-1,4.799469452E0
8.118254167E-2,-8.334069214E0,4.754113770E-1,4.842430115E0
9.122354167E-2,-8.371042328E0,4.695735168E-1,4.898264008E0
1.012635417E-1,-8.323141937E0,4.787045288E-1,5.018464050E0
1.113045417E-1,-8.312963104E0,5.360353088E-1,5.075495453E0
1.213455417E-1,-8.343349915E0,5.968089294E-1,5.037474518E0
1.313855417E-1,-8.330626373E0,6.447093201E-1,4.954696655E0
1.414265417E-1,-8.346194000E0,6.965016174E-1,4.874762878E0
1.514665417E-1,-8.349936218E0,7.212002563E-1,4.802912292E0
1.615075417E-1,-8.357420654E0,6.941065979E-1,4.755011902E0
1.715485417E-1,-8.412057037E0,6.870712280E-1,4.745132446E0
1.815885417E-1,-8.534502411E0,6.346801758E-1,4.739144897E0
1.916295417E-1,-8.683143311E0,5.731581116E-1,4.843627625E0
2.016705417E-1,-8.751700745E0,5.921685791E-1,4.797523499E0
2.117105417E-1,-8.725355530E0,5.870791626E-1,4.731061707E0
2.217515417E-1,-8.597072296E0,5.629792786E-1,4.631518707E0
2.317925417E-1,-8.468040619E0,5.873785400E-1,4.582420807E0
2.418325417E-1,-8.386609955E0,6.020480347E-1,4.583618317E0
2.518735417E-1,-8.392597504E0,5.581892395E-1,4.619094543E0
2.619135417E-1,-8.382718048E0,5.513035583E-1,4.680017853E0
2.719545417E-1,-8.420888672E0,5.533992004E-1,4.699477386E0
2.819955417E-1,-8.505013733E0,5.867797852E-1,4.765340424E0
2.920355417E-1,-8.601113892E0,6.117778015E-1,4.790637817E0
3.020761667E-1,-8.641529846E0,6.102809143E-1,4.856949921E0
3.121171667E-1,-8.666078796E0,6.282435608E-1,4.822521515E0
3.221571667E-1,-8.616980896E0,6.471043396E-1,4.757706299E0
3.321981667E-1,-8.485404510E0,6.731501770E-1,4.722529449E0
3.422381667E-1,-8.441396027E0,6.972500610E-1,4.679269409E0
3.522791667E-1,-8.412955170E0,6.929090881E-1,4.657115479E0
3.623201667E-1,-8.376880188E0,6.547384644E-1,4.666096802E0
3.723601667E-1,-8.354576569E0,6.274951172E-1,4.657265167E0
3.824011667E-1,-8.392298126E0,5.933660889E-1,4.637506256E0
3.924421667E-1,-8.378377075E0,5.734574890E-1,4.666994934E0
4.024821667E-1,-8.374335480E0,6.116281128E-1,4.682712250E0
4.125231667E-1,-8.375532990E0,6.735992432E-1,4.619094543E0
4.225641667E-1,-8.287216644E0,8.903485107E-1,4.535418549E0
4.326041667E-1,-8.253237305E0,9.828561401E-1,4.457730103E0
4.426451667E-1,-8.065377960E0,9.427395630E-1,4.399201813E0
4.526851667E-1,-7.841144257E0,9.613009644E-1,4.123325500E0
4.627261667E-1,-7.594906311E0,9.437873840E-1,3.927233276E0
4.727671667E-1,-7.269932098E0,8.893006897E-1,3.655099182E0
4.828071667E-1,-7.029232635E0,8.650511169E-1,3.430416412E0
4.928481667E-1,-6.948101349E0,8.569679260E-1,3.288511505E0
5.028891667E-1,-7.163353729E0,8.304730225E-1,3.247496796E0
5.129291667E-1,-7.932154999E0,8.003855896E-1,3.093317413E0
5.229701667E-1,-8.679401093E0,7.747888184E-1,3.054548035E0
5.330101667E-1,-9.053173828E0,6.914122009E-1,3.338956604E0
5.430511667E-1,-1.024379791E1,6.502478027E-1,2.886746979E0
5.530921667E-1,-1.098296082E1,6.352789307E-1,2.666255493E0
5.631321667E-1,-1.132455048E1,5.499563599E-1,2.356998596E0
5.731731667E-1,-1.138637192E1,1.396595764E-1,2.113005981E0
5.832141667E-1,-1.147543671E1,-3.276686096E-1,1.786684570E0
5.932541667E-1,-1.156794434E1,-5.676196289E-1,1.499731293E0
6.032951667E-1,-1.154713760E1,-3.517684937E-1,1.248703308E0
6.133361667E-1,-1.139355698E1,-4.093986511E-1,8.966354370E-1
6.233761667E-1,-1.131721573E1,-6.875202942E-1,3.218307495E-1
6.334171667E-1,-1.112516510E1,-1.153950348E0,9.957293701E-1
6.434571667E-1,-1.101963455E1,-1.205143890E0,1.684297485E0
6.534981667E-1,-1.035456757E1,-4.370910645E-1,1.722318420E0
6.635391667E-1,-8.885522461E0,1.842668152E-1,1.370100861E0
6.735791667E-1,-8.660540314E0,1.068777466E-1,1.381776581E0
6.836201667E-1,-8.874595184E0,1.776805115E-1,1.486558685E0
6.936611667E-1,-9.029672699E0,2.475851440E-1,1.592837677E0
7.037011667E-1,-9.034013672E0,2.676434326E-1,1.709744568E0
7.137421667E-1,-9.081764374E0,2.668949890E-1,1.732946320E0
7.237821667E-1,-9.200018463E0,3.085084534E-1,1.740879822E0
7.338231667E-1,-9.302854614E0,2.856060791E-1,1.749561768E0
7.438641667E-1,-9.471703491E0,2.050735474E-1,1.723515930E0
7.539041667E-1,-9.602531433E0,1.972897339E-1,1.581760712E0
7.639451667E-1,-9.685309296E0,1.806742859E-1,1.468146973E0
7.739861667E-1,-9.776769104E0,1.399589539E-1,1.451980591E0
7.840261667E-1,-9.801168365E0,9.939331055E-2,1.469045105E0
7.940671667E-1,-9.778715057E0,1.146615601E-1,1.473535767E0
8.041081667E-1,-9.773026886E0,1.275347900E-1,1.442400513E0
8.141481667E-1,-9.768685913E0,1.603166199E-1,1.416354675E0
8.241891667E-1,-9.736502838E0,2.023791504E-1,1.413660278E0
8.342291667E-1,-9.712253265E0,2.098635864E-1,1.409768372E0
8.442701667E-1,-9.697134705E0,1.701960754E-1,1.439706116E0
8.543111667E-1,-9.692344666E0,7.304809570E-2,1.437311096E0
8.643511667E-1,-9.698781281E0,-1.287322998E-2,1.383423157E0
8.743921667E-1,-9.710307312E0,-6.361770630E-2,1.328337708E0
8.844331667E-1,-9.682165833E0,-9.894424438E-2,1.255588989E0
8.944731667E-1,-9.691745911E0,-1.715432739E-1,1.231339417E0
9.045141667E-1,-9.658515015E0,-2.145039368E-1,1.207538910E0
9.145541667E-1,-9.571695557E0,-2.019300842E-1,1.257684631E0
9.245951667E-1,-9.529034271E0,-1.896556091E-1,1.313069458E0
9.346361667E-1,-9.529932404E0,-1.916015625E-1,1.373394012E0
9.446761667E-1,-9.584568787E0,-1.980381775E-1,1.376387787E0
9.547171667E-1,-9.652527466E0,-1.853146362E-1,1.331481171E0
9.647581667E-1,-9.741143188E0,-1.772314453E-1,1.233435059E0
9.747981667E-1,-9.805509338E0,-1.853146362E-1,1.092877350E0
9.848391667E-1,-9.868079224E0,-1.649569702E-1,9.678872681E-1
9.948791667E-1,-9.929451599E0,-9.071136475E-2,8.421487427E-1
1.004920167E0,-9.974358215E0,3.921844482E-2,7.209008789E-1
1.014961167E0,-9.992470551E0,1.447489929E-1,6.282435608E-1
1.025001167E0,-9.955347748E0,2.504292297E-1,5.869294739E-1
1.035042167E0,-9.878407745E0,3.608995056E-1,6.152206421E-1
1.045083167E0,-9.760453033E0,4.614903259E-1,6.722520447E-1
1.055123167E0,-9.658215637E0,5.629792786E-1,7.024891663E-1
1.065164167E0,-9.572743378E0,6.216572571E-1,7.494914246E-1
1.075204167E0,-9.501790924E0,6.530918884E-1,7.735913086E-1
1.085245167E0,-9.437873840E0,6.478527832E-1,7.948471069E-1
1.095286167E0,-9.386231232E0,6.008505249E-1,8.313711548E-1
1.105326167E0,-9.333091736E0,5.192701721E-1,9.005273438E-1
1.115367167E0,-9.306297455E0,4.357438660E-1,9.445358276E-1
1.125408167E0,-9.335337067E0,3.692820740E-1,9.556127930E-1
1.135448167E0,-9.347461853E0,3.227288818E-1,9.262738037E-1
1.145489167E0,-9.348958740E0,3.791615295E-1,1.097817078E0
1.155530167E0,-9.626930695E0,3.261717224E-1,1.443598022E0
1.165570167E0,-1.008348129E1,8.936416626E-1,1.455273743E0
1.175611167E0,-9.957293701E0,1.522783356E0,1.242566071E0
1.185651167E0,-9.704469452E0,1.846410370E0,1.425934753E0
1.195692167E0,-9.689051514E0,1.982028351E0,1.897753601E0
1.205733167E0,-9.610764313E0,8.289761353E-1,2.657723236E0
1.215773167E0,-9.409732361E0,-4.424798584E-1,2.616858215E0
1.225814167E0,-9.403295746E0,-5.752537537E-1,1.751807098E0
1.235854167E0,-9.463171234E0,-8.442443848E-2,1.390757904E0
1.245895167E0,-9.619296570E0,4.839436340E-1,1.049617310E0
1.255936167E0,-9.979148254E0,2.998265076E-1,8.162525940E-1
1.265976167E0,-1.042222687E1,-2.844085693E-1,7.908055115E-1
1.276017167E0,-1.080034058E1,-6.755451965E-1,7.762857056E-1
1.286058167E0,-1.102622086E1,-7.366181946E-1,7.170089722E-1
1.296098042E0,-1.089659042E1,-5.884263611E-1,6.749464417E-1
1.306139042E0,-1.049662216E1,-2.730322266E-1,7.119195557E-1
1.316179042E0,-9.950258331E0,-4.236190796E-2,8.294252014E-1
1.326220042E0,-9.541009369E0,1.303788757E-1,1.029109955E0
1.336261042E0,-9.240733795E0,3.041674805E-1,1.310524750E0
1.346301042E0,-8.990154877E0,4.837939453E-1,1.612895966E0
1.356342042E0,-8.776549072E0,6.327342224E-1,1.796414337E0
1.366383042E0,-8.652307434E0,7.306306458E-1,1.817819824E0
1.376423042E0,-8.620124359E0,7.562274170E-1,1.788031769E0
1.386464042E0,-8.717272339E0,6.941065979E-1,1.761836243E0
1.396504042E0,-8.956624603E0,5.526507568E-1,1.747615814E0
1.406545042E0,-9.239536285E0,4.520599365E-1,1.656455383E0
1.416586042E0,-9.454489288E0,3.694317627E-1,1.472188568E0
1.426626042E0,-9.657766571E0,2.622546387E-1,1.267713776E0
1.436667042E0,-9.862690430E0,1.110690308E-1,1.053509216E0
1.446708042E0,-1.006357269E1,-4.146377563E-2,8.795709229E-1
1.456748042E0,-1.020862106E1,-1.323248291E-1,7.388635254E-1
1.466789042E0,-1.026954437E1,-1.471440125E-1,7.261399841E-1
1.476829042E0,-1.021550674E1,-4.026626587E-2,7.590715027E-1
1.486870042E0,-1.010728180E1,1.853146362E-1,8.096662903E-1
1.496911042E0,-9.942624207E0,3.860472107E-1,9.283694458E-1
1.506951042E0,-9.787247314E0,5.709127808E-1,1.086291046E0
1.516992042E0,-9.609716492E0,7.038363647E-1,1.258582764E0
1.527033042E0,-9.446406097E0,8.158035278E-1,1.400337982E0
1.537073042E0,-9.285790100E0,8.741821289E-1,1.553619232E0
1.547114042E0,-9.251212006E0,8.713380432E-1,1.592238922E0
1.557154042E0,-9.279054108E0,7.337741089E-1,1.605411530E0
1.567195042E0,-9.353599091E0,5.471122742E-1,1.520987091E0
1.577236042E0,-9.424252167E0,4.016148376E-1,1.396446075E0
1.587276042E0,-9.494905243E0,2.618055725E-1,1.278641052E0
1.597317042E0,-9.583970032E0,1.260379028E-1,1.186732178E0
1.607358042E0,-9.694140930E0,3.802093506E-2,1.121467896E0
1.617398042E0,-9.777816925E0,-9.430389404E-3,1.121467896E0
1.627439042E0,-9.854756927E0,-1.781295776E-2,1.172960815E0
1.637479042E0,-9.871821442E0,1.287322998E-2,1.253493347E0
1.647520042E0,-9.850415955E0,8.756790161E-2,1.320703583E0
1.657561042E0,-9.779463501E0,1.706451416E-1,1.368154907E0
1.667601042E0,-9.703122253E0,2.800675964E-1,1.370998993E0
1.677642042E0,-9.625134430E0,3.520678711E-1,1.382075958E0
1.687683042E0,-9.558672638E0,4.237687683E-1,1.362766113E0
1.697723042E0,-9.513167267E0,4.722679138E-1,1.305135956E0
1.707764042E0,-9.528884583E0,4.677772522E-1,1.240171051E0
1.717804042E0,-9.555678864E0,4.496649170E-1,1.229543152E0
1.727845042E0,-9.589508514E0,4.203259277E-1,1.243015137E0
1.737886042E0,-9.630672913E0,3.674858093E-1,1.252445526E0
1.747926042E0,-9.656269684E0,3.103047180E-1,1.261127472E0
1.757967042E0,-9.713600464E0,2.665956116E-1,1.262774048E0
1.768008042E0,-9.754914551E0,2.273771667E-1,1.252894592E0
1.778048042E0,-9.792935486E0,2.080673218E-1,1.264121246E0
1.788089042E0,-9.810898132E0,2.065704346E-1,1.269060974E0
1.798129042E0,-9.776170349E0,2.396516418E-1,1.301094360E0
1.808170042E0,-9.747430115E0,2.998265076E-1,1.320404205E0
1.818211042E0,-9.691596222E0,3.617976379E-1,1.359622650E0
1.828251042E0,-9.655221863E0,4.070036316E-1,1.401385803E0
1.838292042E0,-9.661359100E0,4.245172119E-1,1.408720551E0
1.848333042E0,-9.668544159E0,4.147874451E-1,1.383123779E0
1.858373042E0,-9.683213654E0,3.818559265E-1,1.349294128E0
1.868414042E0,-9.669741669E0,3.622467041E-1,1.313368835E0
1.878454042E0,-9.637408905E0,3.207829285E-1,1.294807434E0
1.888495042E0,-9.629475403E0,2.661465454E-1,1.296603699E0
1.898536042E0,-9.601782990E0,2.121089172E-1,1.303190002E0
1.908576042E0,-9.622739410E0,1.709445190E-1,1.307980042E0
1.918617042E0,-9.644444275E0,1.597178650E-1,1.310075684E0
1.928657042E0,-9.677974548E0,1.787283325E-1,1.291663971E0
1.938698042E0,-9.689201202E0,1.995350647E-1,1.253343658E0
1.948739042E0,-9.679920502E0,2.442919922E-1,1.225351868E0
1.958779042E0,-9.647138672E0,2.730322266E-1,1.218615875E0
1.968820042E0,-9.643396454E0,2.905458069E-1,1.253643036E0
1.978861042E0,-9.641899567E0,2.751278687E-1,1.286574554E0
1.988901042E0,-9.670190735E0,2.782713318E-1,1.310375061E0
1.998942042E0,-9.696535950E0,2.625540161E-1,1.334474945E0
2.008982042E0,-9.744136963E0,2.552192688E-1,1.344204712E0
2.019023042E0,-9.789193268E0,2.444416809E-1,1.292262726E0
2.029064042E0,-9.798623657E0,2.525248718E-1,1.277443542E0
2.039104042E0,-9.765692139E0,2.644999695E-1,1.258732452E0
2.049145042E0,-9.696835327E0,2.767744446E-1,1.259929962E0
2.059186042E0,-9.635912018E0,2.751278687E-1,1.280437317E0
2.069226042E0,-9.614955597E0,2.567161560E-1,1.305135956E0
2.079267042E0,-9.601633301E0,2.610571289E-1,1.316212921E0
2.089307042E0,-9.638157349E0,2.872526550E-1,1.310075684E0
2.099348042E0,-9.652078400E0,2.959346008E-1,1.302740936E0
2.109389042E0,-9.653425598E0,2.956352234E-1,1.301244049E0
2.119429042E0,-9.661359100E0,2.679428101E-1,1.262025604E0
2.129470042E0,-9.680519257E0,2.249821472E-1,1.230590973E0
2.139511042E0,-9.692194977E0,1.944456482E-1,1.216520233E0
2.149551042E0,-9.704469452E0,1.710942078E-1,1.201701050E0
2.159592042E0,-9.740245056E0,1.686991882E-1,1.196461945E0
2.169632042E0,-9.736652527E0,1.904040527E-1,1.195114746E0
2.179673042E0,-9.728569336E0,2.113604736E-1,1.216370544E0
2.189714042E0,-9.716444550E0,2.372566223E-1,1.229393463E0
2.199754042E0,-9.694739685E0,2.763253784E-1,1.260828094E0
2.209795042E0,-9.663005676E0,2.891986084E-1,1.290915527E0
2.219835042E0,-9.662556610E0,2.561174011E-1,1.300645294E0
2.229876042E0,-9.663903809E0,2.380050659E-1,1.291963348E0
2.239917042E0,-9.655820618E0,2.498304749E-1,1.265917511E0
2.249957042E0,-9.653425598E0,2.615061951E-1,1.240021362E0
2.259998042E0,-9.622440033E0,2.347119141E-1,1.248852997E0
2.270039042E0,-9.625433807E0,2.308200073E-1,1.223854980E0
2.280079042E0,-9.656419373E0,2.221380615E-1,1.203497314E0
2.290120042E0,-9.658215637E0,2.439926147E-1,1.233884125E0
2.300159667E0,-9.679770813E0,2.339634705E-1,1.224304047E0
2.310200667E0,-9.675579529E0,2.231858826E-1,1.250200195E0
2.320241667E0,-9.695338440E0,2.294728088E-1,1.259331207E0
2.330281667E0,-9.696386261E0,2.278262329E-1,1.257085876E0
2.340322667E0,-9.693841553E0,2.323168945E-1,1.243015137E0
2.350363667E0,-9.698631592E0,2.424957275E-1,1.232387238E0
2.360403667E0,-9.716594238E0,2.278262329E-1,1.242117004E0
2.370444667E0,-9.737550659E0,2.439926147E-1,1.231189728E0
2.380484667E0,-9.744136963E0,2.508782959E-1,1.171014862E0
2.390525667E0,-9.733658752E0,2.636018372E-1,1.144819336E0
2.400566667E0,-9.713750153E0,2.764750671E-1,1.161434784E0
2.410606667E0,-9.677525482E0,2.794688416E-1,1.189725952E0
2.420647667E0,-9.659413147E0,2.686912537E-1,1.206640778E0
2.430687667E0,-9.644893341E0,2.430944824E-1,1.244212646E0
2.440728667E0,-9.653275909E0,2.237846375E-1,1.253493347E0
2.450769667E0,-9.667945404E0,2.409988403E-1,1.236129456E0
2.460809667E0,-9.679022369E0,2.489323425E-1,1.199006653E0
2.470850667E0,-9.676028595E0,2.571652222E-1,1.212478638E0
2.480891667E0,-9.664951630E0,2.752775574E-1,1.232686615E0
2.490931667E0,-9.675429840E0,2.779719543E-1,1.248703308E0
2.500972667E0,-9.677375793E0,2.814147949E-1,1.205143890E0
2.511012667E0,-9.712702332E0,2.636018372E-1,1.174757080E0
2.521053667E0,-9.729916534E0,2.896476746E-1,1.134191437E0
2.531094667E0,-9.728719025E0,2.897973633E-1,1.113235016E0
2.541134667E0,-9.741741943E0,3.002755737E-1,1.123413849E0
2.551175667E0,-9.732461243E0,3.026705933E-1,1.182540894E0
2.561216667E0,-9.712103577E0,3.002755737E-1,1.227297821E0
2.571256667E0,-9.701325989E0,2.826123047E-1,1.241368561E0
2.581297667E0,-9.715247040E0,2.682421875E-1,1.241069183E0
2.591337667E0,-9.756112061E0,2.619552612E-1,1.201850739E0
2.601378667E0,-9.777367859E0,2.722837830E-1,1.131347351E0
2.611419667E0,-9.781708832E0,2.900967407E-1,1.090182953E0
2.621459667E0,-9.778265991E0,2.894979858E-1,1.078357544E0
2.631500667E0,-9.738748169E0,3.107537842E-1,1.091230774E0
2.641540667E0,-9.715247040E0,3.122506714E-1,1.127904510E0
2.651581667E0,-9.722881165E0,2.996768188E-1,1.192270660E0
2.661622667E0,-9.714348907E0,2.933898926E-1,1.249751129E0
2.671662667E0,-9.711355133E0,2.767744446E-1,1.280736694E0
2.681703667E0,-9.711654510E0,2.633024597E-1,1.271605682E0
2.691744667E0,-9.676028595E0,2.365081787E-1,1.266216888E0
2.701784667E0,-9.598489838E0,2.338137817E-1,1.277144165E0
2.711825667E0,-9.512718201E0,2.281256104E-1,1.309177551E0
2.721865667E0,-9.456435242E0,2.155517578E-1,1.347946930E0
2.731906667E0,-9.462273102E0,2.230361938E-1,1.407223663E0
2.741947667E0,-9.488468628E0,2.314187622E-1,1.444196777E0
2.751987667E0,-9.508077850E0,2.495310974E-1,1.475182343E0
2.762028667E0,-9.532327423E0,2.815644836E-1,1.461560669E0
2.772069667E0,-9.540859680E0,3.129991150E-1,1.418450317E0
2.782109667E0,-9.559570770E0,3.035687256E-1,1.406175842E0
2.792150667E0,-9.605525208E0,2.832110596E-1,1.391356659E0
2.802190667E0,-9.660161591E0,2.909948730E-1,1.377585297E0
2.812231667E0,-9.711953888E0,2.885998535E-1,1.341210938E0
2.822272667E0,-9.743238831E0,2.571652222E-1,1.340761871E0
2.832312667E0,-9.763297119E0,2.591111755E-1,1.357077942E0
2.842353667E0,-9.727970581E0,2.661465454E-1,1.382075958E0
2.852393667E0,-9.687704315E0,2.838098145E-1,1.405577087E0
2.862434667E0,-9.639205170E0,2.911445618E-1,1.395697632E0
2.872475667E0,-9.590107269E0,3.224295044E-1,1.427731018E0
2.882515667E0,-9.638606415E0,2.399510193E-1,1.430575104E0
2.892556667E0,-9.661957855E0,1.495390320E-1,1.390907593E0
2.902597667E0,-9.603579254E0,2.579136658E-1,1.360820160E0
2.912637667E0,-9.606423340E0,2.821632385E-1,1.386716309E0
2.922678667E0,-9.661059723E0,2.933898926E-1,1.398541718E0
2.932718667E0,-9.657317505E0,2.917433167E-1,1.390009460E0
2.942759667E0,-9.676028595E0,3.085084534E-1,1.372944946E0
2.952800667E0,-9.659862213E0,3.026705933E-1,1.366807709E0
2.962840667E0,-9.639055481E0,3.198847961E-1,1.371597748E0
2.972881667E0,-9.637259216E0,3.001258850E-1,1.375938721E0
2.982921667E0,-9.660910034E0,2.944377136E-1,1.357976074E0
2.992962667E0,-9.666448517E0,2.838098145E-1,1.330133972E0
3.003003667E0,-9.677675171E0,2.740800476E-1,1.304836578E0
3.013043667E0,-9.688602448E0,2.647993469E-1,1.296154633E0
3.023084667E0,-9.677974548E0,2.501298523E-1,1.313668213E0
3.033125667E0,-9.651329956E0,2.606080627E-1,1.318757629E0
3.043165667E0,-9.641300812E0,2.577639771E-1,1.332079926E0
3.053206667E0,-9.625433807E0,2.537223816E-1,1.345402222E0
3.063246667E0,-9.600286102E0,2.507286072E-1,1.339264984E0
3.073287667E0,-9.602980499E0,2.585124207E-1,1.341061249E0
3.083328667E0,-9.589807892E0,2.718347168E-1,1.322799225E0
3.093368667E0,-9.581125946E0,2.868035889E-1,1.326691132E0
3.103409667E0,-9.602980499E0,2.716850281E-1,1.359922028E0
3.113449667E0,-9.609866180E0,2.888992310E-1,1.360371094E0
3.123490667E0,-9.632768555E0,2.941383362E-1,1.365161133E0
3.133531667E0,-9.631720734E0,2.984793091E-1,1.350641327E0
3.143571667E0,-9.666298828E0,2.951861572E-1,1.325194244E0
3.153612667E0,-9.698481903E0,2.938389587E-1,1.285526733E0
3.163653667E0,-9.700577545E0,2.800675964E-1,1.292412415E0
3.173693667E0,-9.655371552E0,2.794688416E-1,1.331032104E0
3.183734667E0,-9.617949371E0,2.912942505E-1,1.379381561E0
3.193774667E0,-9.590107269E0,2.990780640E-1,1.402134247E0
3.203815667E0,-9.558822327E0,2.782713318E-1,1.416803741E0
3.213856667E0,-9.560917969E0,2.924917603E-1,1.408870239E0
3.223896667E0,-9.568252716E0,3.119512939E-1,1.382674713E0
3.233937667E0,-9.568103027E0,3.132984924E-1,1.350791016E0
3.243977667E0,-9.545649719E0,2.947370911E-1,1.342857513E0
3.254018667E0,-9.517358551E0,2.918930054E-1,1.333576813E0
3.264059667E0,-9.495953064E0,2.857557678E-1,1.334325256E0
3.274099667E0,-9.476343842E0,2.511776733E-1,1.353186035E0
3.284140667E0,-9.493707733E0,2.576142883E-1,1.370250549E0
3.294181667E0,-9.521250458E0,2.465373230E-1,1.363664246E0
3.304222208E0,-9.577234039E0,2.427951050E-1,1.376238098E0
3.314263208E0,-9.635612640E0,2.510279846E-1,1.381477203E0
3.324303208E0,-9.665849762E0,3.103047180E-1,1.369801483E0
3.334344208E0,-9.693691864E0,4.041595459E-1,1.373094635E0
3.344385208E0,-9.712103577E0,4.746629333E-1,1.378333740E0
3.354425208E0,-9.745484161E0,5.252577209E-1,1.373992767E0
3.364466208E0,-9.729467468E0,5.291496277E-1,1.362317047E0
3.374507208E0,-9.670340424E0,5.285508728E-1,1.340312805E0
3.384547208E0,-9.566456451E0,5.287005615E-1,1.369801483E0
3.394588208E0,-9.455836487E0,5.394781494E-1,1.419049072E0
3.404628208E0,-9.399254150E0,5.780978394E-1,1.419049072E0
3.414669208E0,-9.355694733E0,6.325845337E-1,1.415456543E0
3.424710208E0,-9.351653137E0,6.831793213E-1,1.395547943E0
3.434750208E0,-9.368418274E0,7.197033691E-1,1.343306580E0
3.444791208E0,-9.392817535E0,7.806266785E-1,1.300196228E0
3.454831208E0,-9.413025513E0,8.283773804E-1,1.248553619E0
3.464872208E0,-9.419312439E0,8.560697937E-1,1.231788483E0
3.474913208E0,-9.434131622E0,8.476872253E-1,1.247655487E0
3.484953208E0,-9.454339600E0,8.204438782E-1,1.251098328E0
3.494994208E0,-9.485774231E0,7.930508423E-1,1.276994476E0
3.505035208E0,-9.497899017E0,7.527845764E-1,1.322799225E0
3.515075208E0,-9.482930145E0,7.024891663E-1,1.406475220E0
3.525116208E0,-9.439520416E0,6.274951172E-1,1.488205261E0
3.535156208E0,-9.433832245E0,5.289999390E-1,1.555565186E0
3.545197208E0,-9.479487305E0,4.517605591E-1,1.585802307E0
3.555238208E0,-9.572294312E0,3.757186890E-1,1.562301178E0
3.565278208E0,-9.682016144E0,3.020718384E-1,1.495989075E0
3.575319208E0,-9.747879181E0,2.445913696E-1,1.406924286E0
3.585359208E0,-9.835596771E0,2.447410583E-1,1.284029846E0
3.595400208E0,-9.908345490E0,2.960842896E-1,1.148711243E0
3.605441208E0,-9.950108643E0,3.486250305E-1,1.011446686E0
3.615481208E0,-1.000699036E1,3.951782227E-1,9.174421692E-1
3.625522208E0,-1.002659958E1,4.745132446E-1,8.467890930E-1
3.635563208E0,-9.995614014E0,5.730084229E-1,8.086184692E-1
3.645603208E0,-9.921368408E0,6.511459351E-1,7.608677673E-1
3.655644208E0,-9.868528290E0,7.241940308E-1,7.816744995E-1
3.665684208E0,-9.891430664E0,7.635621643E-1,8.134085083E-1
3.675725208E0,-9.918524323E0,7.571255493E-1,7.994874573E-1
3.685766208E0,-9.981842651E0,7.686515808E-1,7.940986633E-1
3.695806208E0,-1.002345612E1,6.869215393E-1,7.334747314E-1
3.705847208E0,-9.997110901E0,6.256988525E-1,6.044430542E-1
3.715887208E0,-9.946965179E0,5.158273315E-1,5.176235962E-1
3.725928208E0,-9.848619690E0,4.155358887E-1,4.876858521E-1
3.735969208E0,-9.733059998E0,2.859054565E-1,4.763095093E-1
3.746009208E0,-9.601333923E0,5.269042969E-2,3.790118408E-1
3.756050208E0,-9.488768005E0,-2.110610962E-1,1.986369324E-1
3.766091208E0,-9.362131348E0,-4.668791199E-1,2.529739380E-2
3.776131208E0,-9.151219940E0,-6.953041077E-1,-9.894424438E-2
3.786172208E0,-8.884774017E0,-9.298663330E-1,-1.678010559E-1
3.796212208E0,-8.612639923E0,-1.153800659E0,-1.332229614E-1
3.806253208E0,-8.336613922E0,-1.403331757E0,-6.586303711E-3
3.816294208E0,-8.187523956E0,-1.676962738E0,2.342628479E-1
3.826334208E0,-8.308771820E0,-1.859882355E0,6.030958557E-1
3.836375208E0,-8.707542572E0,-1.700912933E0,9.934840393E-1
3.846415208E0,-9.137448578E0,-1.398691406E0,1.260977783E0
3.856456208E0,-9.740843811E0,-1.038839722E0,1.296603699E0
3.866497208E0,-1.056892181E1,-6.027964783E-1,1.300196228E0
3.876537208E0,-1.137514526E1,-1.308279419E-1,1.343007202E0
3.886578208E0,-1.201760925E1,3.088078308E-1,1.315165100E0
3.896619208E0,-1.233464996E1,7.566764832E-1,1.111289062E0
3.906659208E0,-1.223271194E1,1.071022797E0,8.942404175E-1
3.916700208E0,-1.190175018E1,1.238225098E0,6.626719666E-1
3.926740208E0,-1.148995651E1,1.308578796E0,5.212161255E-1
3.936781208E0,-1.104508163E1,1.197060699E0,5.586383057E-1
3.946822208E0,-1.051503387E1,9.363029480E-1,6.005511475E-1
3.956862208E0,-9.934690704E0,5.950126648E-1,6.044430542E-1
3.966903208E0,-9.379195862E0,2.396516418E-1,7.243437195E-1
3.976943208E0,-8.918903046E0,-1.360670471E-1,8.649014282E-1
3.986984208E0,-8.550668793E0,-5.240602112E-1,1.021176453E0
3.997025208E0,-8.272547150E0,-8.574169922E-1,1.199605408E0
4.007065208E0,-8.079897766E0,-1.163829803E0,1.342707825E0
4.017106208E0,-8.004304962E0,-1.420545959E0,1.475481720E0
4.027146208E0,-8.146359558E0,-1.539847870E0,1.619781647E0
4.037187208E0,-8.336164856E0,-1.554217987E0,1.708996124E0
4.047228208E0,-8.478219452E0,-1.459315338E0,1.690734100E0
4.057268208E0,-8.643326111E0,-1.256936188E0,1.574276276E0
4.067309208E0,-8.790769501E0,-1.014141083E0,1.532363434E0
4.077350208E0,-8.932824097E0,-7.517367554E-1,1.519190826E0
4.087390208E0,-9.072932739E0,-4.731660461E-1,1.579066315E0
4.097431208E0,-9.125174103E0,-2.275268555E-1,1.608255615E0
4.107471208E0,-9.126072235E0,1.796264648E-2,1.598226471E0
4.117512208E0,-9.098828888E0,2.231858826E-1,1.536854095E0
4.127553208E0,-9.045539703E0,3.650907898E-1,1.426234131E0
4.137593208E0,-8.991651764E0,4.520599365E-1,1.352736969E0
4.147634208E0,-8.936117249E0,4.860392761E-1,1.355281677E0
4.157674208E0,-8.893755341E0,5.023553467E-1,1.384920044E0
4.167715208E0,-8.903634796E0,4.737648010E-1,1.454525299E0
4.177756208E0,-8.927734680E0,3.878434753E-1,1.534758453E0
4.187796208E0,-9.001830597E0,2.921923828E-1,1.570983124E0
4.197837208E0,-9.116791534E0,2.176473999E-1,1.581910400E0
4.207878208E0,-9.270671539E0,1.815724182E-1,1.604663086E0
4.217918208E0,-9.411229248E0,1.059796143E-1,1.628762970E0
4.227959208E0,-9.494007111E0,2.544708252E-3,1.734592896E0
4.237999208E0,-9.513017578E0,-9.774673462E-2,1.830693054E0
4.248040208E0,-9.538764038E0,-2.167492676E-1,1.936522980E0
4.258081208E0,-9.536967773E0,-3.113525391E-1,1.989213409E0
4.268121208E0,-9.555529175E0,-3.303630066E-1,2.032473450E0
4.278162208E0,-9.636660461E0,-3.365002441E-1,2.036065979E0
4.288202208E0,-9.801318054E0,-3.565585327E-1,2.005828857E0
4.298242542E0,-9.989027710E0,-4.520599365E-1,2.016756134E0
4.308283542E0,-1.012284943E1,-6.083349609E-1,2.075733490E0
4.318323542E0,-1.031385223E1,-8.351133728E-1,2.239343262E0
4.328364542E0,-1.062984512E1,-1.098864899E0,2.444416809E0
4.338405542E0,-1.102666992E1,-1.354832611E0,2.720143433E0
4.348445542E0,-1.141391464E1,-1.557211761E0,2.932402039E0
4.358486542E0,-1.181478104E1,-1.773511963E0,2.935096436E0
4.368526542E0,-1.240964401E1,-1.885329437E0,2.917283478E0
4.378567542E0,-1.320808365E1,-1.918410645E0,2.636018372E0
4.388608542E0,-1.402523438E1,-1.865570526E0,1.956880646E0
4.398648542E0,-1.492246857E1,-1.654659119E0,1.062490540E0
4.408689542E0,-1.600831055E1,-1.261277161E0,3.083587646E-1
4.418729542E0,-1.685944061E1,-7.764353943E-1,-4.599934387E-1
4.428770542E0,-1.710373260E1,-5.102888489E-1,-1.413211212E0
4.438811542E0,-1.660796356E1,-4.803511047E-1,-2.676733704E0
4.448851542E0,-1.552721100E1,-5.140310669E-1,-4.120182037E0
4.458892542E0,-1.434302353E1,-4.320016479E-1,-4.919669495E0
4.468933542E0,-1.298355057E1,-4.734654236E-1,-4.867128754E0
4.478973542E0,-1.126362717E1,-4.619393921E-1,-4.251758423E0
4.489014542E0,-9.580377502E0,-3.552113342E-1,-3.510649567E0
4.499054542E0,-8.211174774E0,-3.227288818E-1,-2.917732544E0
4.509095542E0,-6.993756409E0,-1.058299255E-1,-2.419119415E0
4.519136542E0,-6.178401947E0,5.628295898E-2,-1.900447998E0
4.529176542E0,-5.752088470E0,2.992277527E-1,-1.305734711E0
4.539217542E0,-5.616021423E0,6.432124329E-1,-7.147636414E-1
4.549257542E0,-5.767356720E0,1.049168243E0,-1.384620667E-1
4.559298542E0,-6.278693390E0,1.398691406E0,5.013075256E-1
4.569339542E0,-7.011719055E0,1.665586395E0,1.005608826E0
4.579379542E0,-7.749834137E0,1.852697296E0,1.106499023E0
4.589420542E0,-8.494086456E0,1.845661926E0,7.086264038E-1
4.599461542E0,-9.028774567E0,1.728455658E0,1.743873596E-1
4.609501542E0,-9.520502014E0,1.377884674E0,-4.269122314E-1
4.619542542E0,-9.988578644E0,7.274871826E-1,-1.063987427E0
4.629582542E0,-1.022568558E1,4.146377563E-2,-1.495689697E0
4.639623542E0,-1.031684601E1,-6.224057007E-1,-1.725012817E0
4.649664542E0,-1.024260040E1,-1.148112488E0,-1.869312744E0
4.659704542E0,-9.882599030E0,-1.475481720E0,-1.818867645E0
4.669745542E0,-9.322014771E0,-1.547931061E0,-1.504970398E0
4.679785542E0,-8.729097748E0,-1.346450043E0,-1.009650421E0
4.689826542E0,-8.191864929E0,-9.849517822E-1,-5.222639465E-1
4.699867542E0,-7.675139465E0,-4.796026611E-1,-1.426533508E-1
4.709907542E0,-7.266938324E0,5.673202515E-2,1.287322998E-2
4.719948542E0,-6.813082123E0,4.766088867E-1,1.173559570E-1
4.729988542E0,-6.527176666E0,8.253836060E-1,2.188449097E-1
4.740029542E0,-6.499035187E0,1.120120697E0,2.628533936E-1
4.750070542E0,-6.674769745E0,1.348994751E0,2.682421875E-1
4.760110542E0,-7.051985321E0,1.426683197E0,3.058140564E-1
4.770151542E0,-7.500752106E0,1.374292145E0,3.658392334E-1
4.780192542E0,-7.926167450E0,1.291364594E0,3.613485718E-1
4.790232542E0,-8.289312286E0,1.140927429E0,3.876937866E-1
4.800273542E0,-8.516090698E0,9.262738037E-1,4.023632813E-1
4.810313542E0,-8.600814514E0,7.182064819E-1,3.802093506E-1
4.820354542E0,-8.509953461E0,5.539979553E-1,3.483256531E-1
4.830395542E0,-8.287366333E0,4.855902100E-1,3.635939026E-1
4.840435542E0,-8.026009827E0,4.875361633E-1,4.487667847E-1
4.850476542E0,-7.896080017E0,5.448669434E-1,6.336323547E-1
4.860516542E0,-7.966284027E0,6.274951172E-1,8.948391724E-1
4.870557542E0,-8.136779480E0,6.565347290E-1,1.231189728E0
4.880598542E0,-8.500074005E0,6.346801758E-1,1.635798340E0
4.890638542E0,-8.919202423E0,6.110293579E-1,1.931283875E0
4.900679542E0,-9.224567413E0,5.089416504E-1,1.982028351E0
4.910719542E0,-9.447154541E0,2.592608643E-1,1.926044769E0
4.920760542E0,-9.651779022E0,-2.424957275E-2,1.789528656E0
4.930801542E0,-9.935888214E0,-2.576142883E-1,1.532213745E0
4.940841542E0,-1.030606842E1,-3.909869385E-1,1.180744629E0
4.950882542E0,-1.090272766E1,-4.658312988E-1,9.746232605E-1
4.960923542E0,-1.173439819E1,-4.125421143E-1,1.197659454E0
4.970963542E0,-1.272773254E1,-2.550695801E-1,1.811383209E0
4.981004542E0,-1.389814865E1,-8.187973022E-2,2.505190430E0
4.991044542E0,-1.516870651E1,9.714797974E-2,2.958747253E0
5.001085542E0,-1.624062744E1,3.749702454E-1,3.107238464E0
5.011126542E0,-1.670930283E1,5.125341797E-1,2.589315491E0
5.021166542E0,-1.640199188E1,3.257226562E-1,1.076710968E0
5.031207542E0,-1.552766006E1,4.433779907E-1,-1.092877350E0
5.041247542E0,-1.469598953E1,1.435664520E0,-2.805765381E0
5.051288542E0,-1.383587814E1,2.381098480E0,-3.875141602E0
5.061329542E0,-1.275123367E1,2.792592773E0,-4.590204620E0
5.071369542E0,-1.173679321E1,2.900069275E0,-5.094356232E0
5.081410542E0,-1.099119370E1,2.683170319E0,-5.287454681E0
5.091451542E0,-1.051114197E1,2.046993256E0,-4.992268524E0
5.101491542E0,-1.006956024E1,1.255439301E0,-4.682412872E0
5.111532542E0,-9.318871307E0,4.926255798E-1,-4.358187103E0
5.121572542E0,-8.863368530E0,-5.454656982E-1,-4.105362854E0
5.131613542E0,-9.098679199E0,-1.585802307E0,-3.574267273E0
5.141654542E0,-9.734257507E0,-2.234253845E0,-2.401755524E0
5.151694542E0,-1.046728317E1,-2.623294830E0,-1.156345367E0
5.161735542E0,-1.103026245E1,-2.692151642E0,-1.760339355E-1
5.171775542E0,-1.124446701E1,-2.412533112E0,5.685177612E-1
5.181816542E0,-1.098131424E1,-1.755998383E0,1.053359528E0
5.191857542E0,-1.047806076E1,-9.990225220E-1,1.067879333E0
5.201897542E0,-1.003588028E1,-3.200344849E-1,8.107141113E-1
5.211938542E0,-9.809850311E0,2.809657288E-1,4.541555786E-1
5.221978542E0,-9.582173767E0,9.095086670E-1,1.242416382E-1
5.232019542E0,-9.338929596E0,1.508712616E0,-2.959346008E-1
5.242060542E0,-8.915310516E0,1.958976288E0,-6.993457031E-1
5.252100542E0,-8.291108551E0,2.109263763E0,-9.636959839E-1
5.262141542E0,-7.614365845E0,2.016307068E0,-1.042731628E0
5.272182542E0,-6.926396484E0,1.699116669E0,-9.431886292E-1
5.282222542E0,-6.178102570E0,1.319655762E0,-7.741900635E-1
5.292263542E0,-5.539530487E0,8.792715454E-1,-5.936654663E-1
5.302304417E0,-5.046455841E0,4.787045288E-1,-4.065545654E-1
5.312345417E0,-4.745880890E0,1.646575928E-1,-1.790277100E-1
5.322386417E0,-4.682861938E0,-1.233435059E-1,1.155596924E-1
5.332426417E0,-4.811743927E0,-3.423381042E-1,3.715274048E-1
5.342467417E0,-5.147795105E0,-4.730163574E-1,6.429130554E-1
5.352507417E0,-5.724545746E0,-5.492079163E-1,9.274713135E-1
5.362548417E0,-6.395300903E0,-6.715036011E-1,1.130898285E0
5.372589417E0,-7.076384583E0,-9.488768005E-1,1.319655762E0
5.382629417E0,-7.617359619E0,-1.189576263E0,1.411564636E0
5.392670417E0,-8.037835236E0,-1.434766388E0,1.386566620E0
5.402710417E0,-8.276888123E0,-1.615590363E0,1.313668213E0
5.412751417E0,-8.251141663E0,-1.678010559E0,1.245260468E0
5.422792417E0,-8.082592163E0,-1.614093475E0,1.284628601E0
5.432832417E0,-7.971672821E0,-1.380579071E0,1.465153198E0
5.442873417E0,-7.942483521E0,-1.057251434E0,1.641037445E0
5.452914417E0,-8.010442200E0,-6.403683472E-1,1.779499512E0
5.462954417E0,-8.096213837E0,-1.752854919E-1,1.929188232E0
5.472995417E0,-8.324489136E0,2.157014465E-1,2.099833374E0
5.483035417E0,-8.719068604E0,5.733078003E-1,2.298170929E0
5.493076417E0,-9.313183136E0,9.129515076E-1,2.412832489E0
5.503117417E0,-1.008243347E1,1.168919220E0,2.411335602E0
5.513157417E0,-1.091784622E1,1.153501282E0,2.322270813E0
5.523198417E0,-1.154698792E1,7.005432129E-1,2.268233185E0
5.533238417E0,-1.221579712E1,2.140548706E-2,2.116598511E0
5.543279417E0,-1.344219681E1,-5.408253479E-1,2.196382599E0
5.553320417E0,-1.502949600E1,-9.946815491E-1,2.683320007E0
5.563360417E0,-1.646890274E1,-1.061742096E0,3.428919525E0
5.573401417E0,-1.728006592E1,-9.518705750E-1,4.027674408E0
5.583441417E0,-1.714923798E1,-1.268013153E0,4.093537445E0
5.593482417E0,-1.602896759E1,-1.187330933E0,3.410657501E0
5.603523417E0,-1.422042847E1,-6.195616150E-1,1.703008575E0
5.613563417E0,-1.242446320E1,-7.708969116E-1,-3.450325012E-1
5.623604417E0,-1.146840134E1,-1.649869080E0,-1.852996674E0
5.633645417E0,-1.098191299E1,-1.947300568E0,-2.515818329E0
5.643685417E0,-1.039468414E1,-1.683549042E0,-2.778372345E0
5.653726417E0,-1.012554382E1,-1.387464752E0,-3.043920135E0
5.663766417E0,-1.021745270E1,-1.024170227E0,-3.702251129E0
5.673807417E0,-1.025771896E1,-5.730084229E-1,-4.583318939E0
5.683848417E0,-1.040995239E1,4.303550720E-1,-5.042713623E0
5.693888417E0,-1.109058701E1,1.459465027E0,-4.732708282E0
5.703929417E0,-1.202269867E1,2.188898163E0,-3.869603119E0
5.713969417E0,-1.251173172E1,2.608026581E0,-2.939886475E0
5.724010417E0,-1.258313324E1,2.662363586E0,-1.951192474E0
5.734051417E0,-1.277772858E1,2.590063934E0,-8.722361755E-1
5.744091417E0,-1.291244843E1,2.214494934E0,5.703140259E-2
5.754132417E0,-1.271276367E1,1.666334839E0,6.589297485E-1
5.764173417E0,-1.207703568E1,1.087638245E0,1.023421783E0
5.774213417E0,-1.120405106E1,5.602848816E-1,1.238075409E0
5.784254417E0,-1.030247589E1,1.059796143E-1,1.281485138E0
5.794294417E0,-9.510323181E0,-2.823129272E-1,1.189576263E0
5.804335417E0,-8.758436737E0,-5.495072937E-1,9.234297180E-1
5.814376417E0,-7.903265076E0,-6.215075684E-1,5.031037903E-1
5.824416417E0,-7.205416260E0,-6.283932495E-1,1.914518738E-1
5.834457417E0,-6.625372467E0,-6.481521606E-1,4.580474854E-2
5.844497417E0,-6.085744629E0,-5.704637146E-1,1.139131165E-1
5.854538417E0,-5.612129517E0,-4.439767456E-1,2.305206299E-1
5.864579417E0,-5.210364990E0,-3.234773254E-1,2.859054565E-1
5.874619417E0,-4.826114044E0,-1.754351807E-1,4.243675232E-1
5.884660417E0,-4.584666138E0,-8.936416626E-2,5.743556213E-1
5.894700417E0,-4.539310455E0,-4.266128540E-2,7.255412292E-1
5.904741417E0,-4.592150574E0,-4.864883423E-2,8.101153564E-1
5.914782417E0,-4.819228363E0,-9.175918579E-2,9.445358276E-1
5.924822417E0,-5.183570709E0,-9.250762939E-2,1.080902252E0
5.934863417E0,-5.601501617E0,7.035369873E-3,1.189875641E0
5.944903417E0,-5.939648438E0,2.573149109E-1,1.292113037E0
5.954944417E0,-6.208489380E0,6.274951172E-1,1.348096619E0
5.964985417E0,-6.450236664E0,1.038839722E0,1.421743469E0
5.975025417E0,-6.702611847E0,1.477427673E0,1.484912109E0
5.985066417E0,-7.007976837E0,1.826202393E0,1.535357208E0
5.995107417E0,-7.368127899E0,1.966011658E0,1.714384918E0
6.005147417E0,-7.805967407E0,1.978136444E0,1.979932709E0
6.015188417E0,-8.249495087E0,1.839524689E0,2.235451355E0
6.025228417E0,-8.665480042E0,1.545985107E0,2.453547821E0
6.035269417E0,-9.167536011E0,1.127904510E0,2.612217865E0
6.045310417E0,-9.776619415E0,6.101312256E-1,2.593955841E0
6.055350417E0,-1.029753616E1,-4.939727783E-3,2.455344086E0
6.065391417E0,-1.073687256E1,-5.930667114E-1,2.160606995E0
6.075431417E0,-1.114537308E1,-1.066981201E0,1.803898773E0
6.085472417E0,-1.167916306E1,-1.347198486E0,1.502276001E0
6.095513417E0,-1.258732452E1,-1.359472961E0,1.581760712E0
6.105553417E0,-1.385009857E1,-9.960287476E-1,2.121538239E0
6.115594417E0,-1.520253616E1,-4.532574463E-1,3.110232239E0
6.125634417E0,-1.629780853E1,-5.463638306E-2,4.194727020E0
6.135675417E0,-1.696736618E1,3.411405945E-1,4.796924744E0
6.145716417E0,-1.680615143E1,6.571334839E-1,4.453987885E0
6.155756417E0,-1.583931198E1,5.623805237E-1,3.071462860E0
6.165797417E0,-1.454674988E1,3.963757324E-1,9.925859070E-1
6.175837417E0,-1.353260880E1,8.981323242E-1,-1.041534119E0
6.185878417E0,-1.302740936E1,1.741927643E0,-2.327360229E0
6.195919417E0,-1.200623291E1,2.231709137E0,-3.134481812E0
6.205959417E0,-1.086889801E1,2.514471130E0,-3.829187164E0
6.216000417E0,-1.022224274E1,2.556683350E0,-4.390519867E0
6.226041417E0,-1.024484573E1,2.372117157E0,-4.829257507E0
6.236081417E0,-1.072025711E1,1.702858887E0,-4.822820892E0
6.246122417E0,-1.096874039E1,7.890092468E-1,-4.131857758E0
6.256162417E0,-1.114612152E1,-1.631607056E-1,-3.240012360E0
6.266203417E0,-1.156824371E1,-9.701325989E-1,-2.432741089E0
6.276244417E0,-1.185384979E1,-1.581910400E0,-1.465452576E0
6.286284417E0,-1.196312256E1,-1.993853760E0,-5.650749207E-1
6.296325417E0,-1.181897232E1,-1.985770569E0,7.738906860E-2
6.306364792E0,-1.144804367E1,-1.618733826E0,5.971083069E-1
6.316405792E0,-1.092233688E1,-1.071771240E0,9.629475403E-1
6.326446792E0,-1.047297134E1,-5.559439087E-1,1.104553070E0
6.336486792E0,-1.027463379E1,-2.140548706E-1,1.177601166E0
6.346527792E0,-1.003558090E1,-1.002914429E-2,1.171763306E0
6.356568792E0,-9.579030304E0,3.984713745E-1,9.584568787E-1
6.366608792E0,-9.106013947E0,7.984396362E-1,6.625222778E-1
6.376649792E0,-8.571924591E0,9.629475403E-1,3.550616455E-1
6.386689792E0,-7.884853363E0,8.839118958E-1,7.454498291E-2
6.396730792E0,-7.176226959E0,7.412585449E-1,-8.158035278E-2
6.406771792E0,-6.354585571E0,5.144801331E-1,-5.733078003E-2
6.416811792E0,-5.628744965E0,3.499722290E-1,1.526824951E-2
6.426852792E0,-4.989125061E0,2.198927307E-1,1.652563477E-1
6.436892792E0,-4.488266602E0,2.032772827E-1,3.656895447E-1
6.446933792E0,-4.261338501E0,1.953437805E-1,5.897735596E-1
6.456974792E0,-4.134552155E0,1.730401611E-1,7.863148499E-1
6.467014792E0,-4.229155426E0,1.978884888E-1,9.656419373E-1
6.477055792E0,-4.659660187E0,2.577639771E-1,1.181792450E0
6.487095792E0,-5.255720673E0,2.835104370E-1,1.397044830E0
6.497136792E0,-5.874384155E0,2.014810181E-1,1.577569427E0
6.507177792E0,-6.326743469E0,-1.794767761E-1,1.803150330E0
6.517217792E0,-6.805747375E0,-6.965016174E-1,1.944606171E0
6.527258792E0,-7.426805878E0,-1.126856689E0,2.064207458E0
6.537298792E0,-7.914491730E0,-1.512305145E0,2.134261780E0
6.547339792E0,-8.155191193E0,-1.761387177E0,2.095193024E0
6.557380792E0,-8.248147888E0,-1.883982239E0,2.029329987E0
6.567420792E0,-8.335416412E0,-1.806293793E0,1.954785004E0
6.577461792E0,-8.411907349E0,-1.600172424E0,1.811233521E0
6.587501792E0,-8.408763885E0,-1.195713501E0,1.788331146E0
6.597542792E0,-8.327183533E0,-6.695576477E-1,1.894460449E0
6.607583792E0,-8.295000458E0,-2.070195007E-1,1.942660217E0
6.617623792E0,-8.586145020E0,9.011260986E-2,1.906285858E0
6.627664792E0,-9.181157684E0,2.815644836E-1,1.897454224E0
6.637705792E0,-9.863438873E0,4.149371338E-1,1.914518738E0
6.647745792E0,-1.068014053E1,3.758683777E-1,2.206561432E0
6.657786792E0,-1.182960022E1,1.710942078E-1,2.626138916E0
6.667826792E0,-1.327559326E1,-4.864883423E-2,3.243904266E0
6.677867792E0,-1.471440125E1,-6.930587769E-2,3.964056702E0
6.687908792E0,-1.574186462E1,3.817062378E-2,4.582271118E0
6.697948792E0,-1.605770782E1,-5.538482666E-3,4.804558868E0
6.707989792E0,-1.563648376E1,-3.445834351E-1,4.476441193E0
6.718029792E0,-1.489806931E1,-3.448828125E-1,3.611539764E0
6.728070792E0,-1.413091461E1,-1.511856079E-1,1.952090607E0
6.738111792E0,-1.371103775E1,-2.016307068E-1,-6.735992432E-3
6.748151792E0,-1.360341156E1,-6.737489319E-1,-1.569935303E0
6.758192792E0,-1.326960571E1,-1.105002136E0,-2.330354004E0
6.768232792E0,-1.282967056E1,-1.394799500E0,-2.568209381E0
6.778273792E0,-1.234378098E1,-1.304686890E0,-3.193459167E0
6.788314792E0,-1.206086929E1,-6.054908752E-1,-4.575385437E0
6.798354792E0,-1.183588715E1,1.887574768E-1,-5.967490540E0
6.808395792E0,-1.178798676E1,6.827302551E-1,-6.108497314E0
6.818436792E0,-1.210188400E1,8.032296753E-1,-4.850213928E0
6.828476792E0,-1.213616272E1,7.243437195E-1,-3.161575470E0
6.838517792E0,-1.220307358E1,8.367599487E-1,-1.877545624E0
6.848557792E0,-1.249317032E1,9.723779297E-1,-5.571414185E-1
6.858598792E0,-1.265423538E1,9.764195251E-1,8.205935669E-1
6.868639792E0,-1.247311203E1,8.562194824E-1,2.005379791E0
6.878679792E0,-1.188169189E1,4.980143738E-1,2.785108337E0
6.888720792E0,-1.104553070E1,1.070274353E-1,2.983445892E0
6.898760792E0,-1.030876282E1,-1.495390320E-1,2.611020355E0
6.908801792E0,-9.678573303E0,-2.941383362E-1,1.928739166E0
6.918842792E0,-8.822653198E0,-4.068539429E-1,1.240171051E0
6.928882792E0,-8.012537842E0,-5.284011841E-1,6.595285034E-1
6.938923792E0,-7.368576965E0,-6.801855469E-1,1.785786438E-1
6.948963792E0,-6.764133911E0,-8.005352783E-1,-2.275268555E-1
6.959004792E0,-6.191574554E0,-8.824150085E-1,-3.959266663E-1
6.969045792E0,-5.632187805E0,-8.979826355E-1,-3.481759644E-1
6.979085792E0,-4.995561676E0,-7.478448486E-1,-1.594184875E-1
6.989126792E0,-4.416116638E0,-5.231620789E-1,1.125659180E-1
6.999166792E0,-3.871100006E0,-2.570155334E-1,3.893403625E-1
7.009207792E0,-3.460204468E0,6.691085815E-2,6.367758179E-1
7.019248792E0,-3.279230804E0,2.912942505E-1,9.440867615E-1
7.029288792E0,-3.329825592E0,4.049079895E-1,1.241518250E0
7.039329792E0,-3.691623230E0,4.505630493E-1,1.522034912E0
7.049369792E0,-4.313130798E0,4.788542175E-1,1.707199860E0
7.059410792E0,-5.057981873E0,6.298901367E-1,1.760339355E0
7.069451792E0,-5.808072052E0,9.336085510E-1,1.698817291E0
7.079491792E0,-6.590195618E0,1.202748871E0,1.585502930E0
7.089532792E0,-7.385342102E0,1.430724792E0,1.473086700E0
7.099573792E0,-8.084987183E0,1.578168182E0,1.332978058E0
7.109613792E0,-8.539891205E0,1.603465576E0,1.194216614E0
7.119654792E0,-8.769663391E0,1.572030945E0,1.112785950E0
7.129694792E0,-8.901239777E0,1.456022186E0,1.165027313E0
7.139735792E0,-9.107959900E0,1.232985992E0,1.469943237E0
7.149776792E0,-9.375154266E0,9.725276184E-1,1.913171539E0
7.159816792E0,-9.619895325E0,7.366181946E-1,2.322270813E0
7.169857792E0,-9.864337006E0,4.914280701E-1,2.781515808E0
7.179897792E0,-1.018197647E1,2.008822632E-1,3.056344299E0
7.189938792E0,-1.049901718E1,-5.568420410E-2,2.757266235E0
7.199979792E0,-1.078686859E1,-1.167572021E-1,2.012864227E0
7.210019792E0,-1.135688324E1,-2.112107849E-1,1.616638184E0
7.220060792E0,-1.237311996E1,-2.068698120E-1,2.132315826E0
7.230100792E0,-1.341240875E1,-4.430786133E-2,3.091072083E0
7.240141792E0,-1.449495758E1,4.595443726E-2,4.064348145E0
7.250182792E0,-1.563633408E1,2.204914856E-1,4.544998627E0
7.260222792E0,-1.661589706E1,4.568499756E-1,4.337230682E0
7.270263792E0,-1.694431412E1,1.942959595E-1,3.435954895E0
7.280304792E0,-1.666125275E1,-5.143304443E-1,1.718875580E0
7.290344792E0,-1.620110962E1,-5.367837524E-1,-5.851332092E-1
7.300385792E0,-1.594633942E1,7.484436035E-1,-2.610870667E0
7.310426167E0,-1.462608490E1,1.673519897E0,-3.495980072E0
7.320467167E0,-1.277832733E1,1.926643524E0,-3.915557556E0
7.330508167E0,-1.128697861E1,1.983375549E0,-4.412224731E0
7.340548167E0,-1.044123734E1,1.858834534E0,-4.742587738E0
7.350589167E0,-1.028481262E1,1.608405304E0,-4.785398712E0
7.360629167E0,-1.011536499E1,1.204694824E0,-4.285139008E0
7.370670167E0,-9.727072449E0,6.583309937E-1,-3.601211243E0
7.380711167E0,-9.702972565E0,6.107299805E-2,-2.892135773E0
7.390751167E0,-1.006731491E1,-6.155200195E-1,-1.726360016E0
7.400792167E0,-1.061517563E1,-1.150208130E0,-6.023474121E-1
7.410832167E0,-1.110884903E1,-1.323996735E0,9.355545044E-2
7.420873167E0,-1.122755219E1,-1.127904510E0,4.287084961E-1
7.430914167E0,-1.101035385E1,-6.554869080E-1,5.349874878E-1
7.440954167E0,-1.071037766E1,-1.983375549E-1,5.653742981E-1
7.450995167E0,-1.054646851E1,6.885681152E-3,5.378315735E-1
7.461035167E0,-1.068882248E1,-2.844085693E-2,4.433779907E-1
7.471076167E0,-1.056353302E1,7.409591675E-2,1.788780212E-1
7.481117167E0,-1.010518616E1,4.567002869E-1,-2.725831604E-1
7.491157167E0,-9.475296021E0,7.002438354E-1,-6.385720825E-1
7.501198167E0,-8.869356079E0,8.509803772E-1,-9.547146606E-1
7.511238167E0,-8.154442749E0,8.259823608E-1,-1.181792450E0
7.521279167E0,-7.282356262E0,6.869215393E-1,-1.213676147E0
7.531320167E0,-6.359674988E0,4.629872131E-1,-9.987231445E-1
7.541360167E0,-5.517675934E0,1.811233521E-1,-6.249504089E-1
7.551401167E0,-4.750072174E0,-1.236428833E-1,-2.680924988E-1
7.561442167E0,-4.095932465E0,-3.526666260E-1,4.340972900E-2
7.571482167E0,-3.661984863E0,-5.114863586E-1,3.189866638E-1
7.581523167E0,-3.505859528E0,-6.399192810E-1,5.474116516E-1
7.591563167E0,-3.635639648E0,-6.727011108E-1,7.238946533E-1
7.601604167E0,-4.084406433E0,-5.548960876E-1,8.346643066E-1
7.611645167E0,-4.719236298E0,-3.570075989E-1,9.312135315E-1
7.621685167E0,-5.494174805E0,-2.005828857E-1,1.059496765E0
7.631726167E0,-6.188730469E0,-1.788780212E-1,1.106948090E0
7.641766167E0,-6.806795197E0,-3.832031250E-1,1.081950073E0
7.651807167E0,-7.418722687E0,-6.724017334E-1,1.159788208E0
7.661848167E0,-8.071814575E0,-8.652008057E-1,1.264270935E0
7.671888167E0,-8.559201050E0,-1.015637970E0,1.292711792E0
7.681929167E0,-8.732989655E0,-1.081650696E0,1.331481171E0
7.691969167E0,-8.710835724E0,-1.071022797E0,1.315913544E0
7.702010167E0,-8.770860901E0,-9.339079285E-1,1.242566071E0
7.712051167E0,-8.964258728E0,-6.728507996E-1,1.231040039E0
7.722091167E0,-9.136849823E0,-3.935316467E-1,1.365310822E0
7.732132167E0,-9.378447418E0,-4.760101318E-2,1.516646118E0
7.742172167E0,-9.789941711E0,1.434017944E-1,1.585203552E0
7.752213167E0,-1.029648834E1,8.846603394E-2,1.571282501E0
7.762254167E0,-1.084449875E1,-9.580078125E-2,1.498084717E0
7.772294167E0,-1.154623947E1,-2.803669739E-1,1.755998383E0
7.782335167E0,-1.263223114E1,-4.261637878E-1,2.241139526E0
7.792375167E0,-1.399664383E1,-4.860392761E-1,2.968776398E0
7.802416167E0,-1.527708115E1,-3.309617615E-1,3.829636230E0
7.812457167E0,-1.619871460E1,-1.631607056E-1,4.337979126E0
7.822497167E0,-1.626996643E1,-2.026785278E-1,4.384831696E0
7.832538167E0,-1.558259583E1,8.921447754E-2,3.545826416E0
7.842579167E0,-1.465931580E1,8.330177307E-1,1.107247467E0
7.852619167E0,-1.432266586E1,9.156459045E-1,-1.694476318E0
7.862660167E0,-1.468625977E1,1.377136230E-2,-3.922742615E0
7.872700167E0,-1.448507813E1,-1.114731903E0,-4.799319763E0
7.882741167E0,-1.379186966E1,-2.032772827E0,-4.606670380E0
7.892782167E0,-1.314805847E1,-2.467019806E0,-4.799020386E0
7.902822167E0,-1.264255966E1,-2.250120850E0,-5.519322510E0
7.912863167E0,-1.215038315E1,-1.748064880E0,-6.001020813E0
7.922903167E0,-1.148651367E1,-1.045426025E0,-5.616620178E0
7.932944167E0,-1.081396225E1,-1.640588379E-1,-4.581522675E0
7.942985167E0,-1.030726593E1,6.204597473E-1,-3.507206726E0
7.953025167E0,-9.909243622E0,1.273102570E0,-2.568059692E0
7.963066167E0,-9.883646851E0,1.884431305E0,-1.342258759E0
7.973106167E0,-1.023197250E1,2.365381165E0,4.505630493E-2
7.983147167E0,-1.083402054E1,2.540666656E0,1.308279419E0
7.993188167E0,-1.137619308E1,2.299967194E0,2.202370148E0
8.003228167E0,-1.149774033E1,1.877695312E0,2.470312958E0
8.013269167E0,-1.114746872E1,1.690135345E0,2.051184540E0
8.023310167E0,-1.083776276E1,1.769320679E0,1.183588715E0
8.033350167E0,-1.058463913E1,1.595681763E0,1.701960754E-1
8.043391167E0,-1.017748581E1,1.016236725E0,-8.092172241E-1
8.053431167E0,-9.672585754E0,2.444416809E-1,-1.513802032E0
8.063472167E0,-9.079519043E0,-6.828799438E-1,-1.747017059E0
8.073513167E0,-8.425229645E0,-1.519789581E0,-1.711840210E0
8.083553167E0,-7.774083710E0,-1.979184265E0,-1.563498688E0
8.093594167E0,-7.064110107E0,-2.088457031E0,-1.218466187E0
8.103634167E0,-6.292165375E0,-2.032174072E0,-7.849676514E-1
8.113675167E0,-5.449866943E0,-1.764979706E0,-3.686833191E-1
8.123716167E0,-4.612957306E0,-1.341360626E0,4.819976807E-2
8.133756167E0,-3.794160004E0,-7.357200623E-1,3.954776001E-1
8.143797167E0,-3.218606873E0,-1.892065430E-1,7.164102173E-1
8.153837167E0,-2.943928070E0,1.228944397E-1,1.023721161E0
8.163878167E0,-2.980003052E0,3.649411011E-1,1.084644470E0
8.173919167E0,-3.328478394E0,6.125262451E-1,1.037791901E0
8.183959167E0,-3.911665649E0,7.830216980E-1,1.000968475E0
8.194000167E0,-4.609963531E0,9.457333374E-1,8.369096375E-1
8.204040167E0,-5.263953552E0,1.118474121E0,6.938072205E-1
8.214081167E0,-5.910608826E0,1.275796967E0,6.381230164E-1
8.224122167E0,-6.498137054E0,1.450932770E0,6.011499023E-1
8.234162167E0,-7.127578125E0,1.636846161E0,5.020559692E-1
8.244203167E0,-7.797285461E0,1.826501770E0,4.828958130E-1
8.254243167E0,-8.516090698E0,1.877545624E0,7.125183105E-1
8.264284167E0,-9.207951965E0,1.733545074E0,1.193019104E0
8.274325167E0,-9.866582336E0,1.358724518E0,1.663191376E0
8.284365167E0,-1.047252228E1,8.687933350E-1,1.968556366E0
8.294406167E0,-1.093176727E1,4.345463562E-1,2.037862244E0
8.304447167E0,-1.130733627E1,8.277786255E-2,1.812730408E0
8.314486917E0,-1.168215683E1,-1.374142456E-1,1.444496155E0
8.324527917E0,-1.208481949E1,-2.429447937E-1,1.331481171E0
8.334567917E0,-1.276530441E1,-1.547781372E-1,1.713337097E0
8.344608917E0,-1.377420639E1,2.848576355E-1,2.292931824E0
8.354649917E0,-1.469179825E1,6.812333679E-1,3.168461151E0
8.364689917E0,-1.544054123E1,7.033872986E-1,4.092789001E0
8.374730917E0,-1.613449814E1,7.599696350E-1,4.549489288E0
8.384770917E0,-1.635469025E1,9.601034546E-1,4.200115814E0
8.394811917E0,-1.584739517E1,6.668632507E-1,3.050805817E0
8.404852917E0,-1.500689301E1,6.706054688E-2,8.961863708E-1
8.414892917E0,-1.458417206E1,-1.796264648E-2,-1.600022736E0
8.424933917E0,-1.493833557E1,7.978408813E-1,-3.293600922E0
8.434973917E0,-1.483729568E1,1.797911224E0,-4.011358337E0
8.445014917E0,-1.368484222E1,2.177821198E0,-4.697830811E0
8.455055917E0,-1.242955261E1,2.092049561E0,-5.350323944E0
8.465095917E0,-1.163290924E1,1.774709473E0,-5.710025940E0
8.475136917E0,-1.134176468E1,1.194965057E0,-5.679788818E0
8.485176917E0,-1.101259918E1,4.598437500E-1,-5.001249847E0
8.495217917E0,-1.031160690E1,-2.716850281E-1,-4.150419159E0
8.505258917E0,-9.693392487E0,-9.385482788E-1,-3.398832092E0
8.515298917E0,-9.608369293E0,-1.676962738E0,-2.301913147E0
8.525339917E0,-9.811646576E0,-2.335443420E0,-9.815089417E-1
8.535380917E0,-1.012030472E1,-2.603685608E0,5.448669434E-2
8.545420917E0,-1.024574387E1,-2.421514435E0,7.899073792E-1
8.555461917E0,-1.003423370E1,-1.856738892E0,1.288520508E0
8.565501917E0,-9.704918518E0,-1.176553345E0,1.493294678E0
8.575542917E0,-9.472751312E0,-5.992039490E-1,1.278790741E0
8.585583917E0,-9.428593140E0,-2.028282166E-1,7.520361328E-1
8.595623917E0,-9.361532593E0,1.453477478E-1,2.598596191E-1
8.605664917E0,-9.249565430E0,5.285508728E-1,-1.966909790E-1
8.615704917E0,-9.191336517E0,8.812174988E-1,-6.099815369E-1
8.625745917E0,-8.857380981E0,1.102607117E0,-8.268804932E-1
8.635786917E0,-8.302484894E0,1.179247742E0,-9.583071899E-1
8.645826917E0,-7.553891602E0,1.121018829E0,-9.502239990E-1
8.655867917E0,-6.744524689E0,9.078620911E-1,-7.676037598E-1
8.665907917E0,-5.956114197E0,6.489006042E-1,-5.255570984E-1
8.675948917E0,-5.274431763E0,5.231620789E-1,-2.426454163E-1
8.685989917E0,-4.774471436E0,3.685336304E-1,9.924362183E-2
8.696029917E0,-4.395459595E0,2.080673218E-1,4.423301697E-1
8.706070917E0,-4.226461029E0,4.879852295E-2,6.762936401E-1
8.716110917E0,-4.315675507E0,-9.116043091E-2,8.641529846E-1
8.726151917E0,-4.576133881E0,-1.410067749E-1,1.047671356E0
8.736192917E0,-5.154680786E0,-9.145980835E-2,1.207089844E0
8.746232917E0,-5.793252869E0,-1.640588379E-1,1.291813660E0
8.756273917E0,-6.407425690E0,-3.525169373E-1,1.274300079E0
8.766313917E0,-7.003486176E0,-6.953041077E-1,1.230890350E0
8.776354917E0,-7.514673157E0,-1.115929413E0,1.232536926E0
8.786395917E0,-7.867938538E0,-1.444945221E0,1.275048523E0
8.796435917E0,-7.956404572E0,-1.619033203E0,1.281934204E0
8.806476917E0,-7.847730560E0,-1.648821259E0,1.352437592E0
8.816517917E0,-7.840096436E0,-1.450334015E0,1.449735260E0
8.826557917E0,-7.927664337E0,-1.147214355E0,1.394500122E0
8.836598917E0,-8.087232513E0,-7.351213074E-1,1.401984558E0
8.846638917E0,-8.354726257E0,-2.710862732E-1,1.556912384E0
8.856679917E0,-8.646918640E0,2.194436646E-1,1.661694489E0
8.866720917E0,-9.081015930E0,6.453080750E-1,1.662592621E0
8.876760917E0,-9.673633575E0,1.033899994E0,1.680704956E0
8.886801917E0,-1.030846344E1,1.285975800E0,1.752405853E0
8.896841917E0,-1.100990479E1,1.300944672E0,2.041754150E0
8.906882917E0,-1.202853653E1,9.267228699E-1,2.538271637E0
8.916923917E0,-1.330119003E1,4.526586914E-1,3.160677338E0
8.926963917E0,-1.465183136E1,1.692979431E-1,3.860172729E0
8.937004917E0,-1.585622681E1,1.945953369E-2,4.494254150E0
8.947044917E0,-1.637459885E1,-2.802172852E-1,4.956193542E0
8.957085917E0,-1.567929474E1,-1.174607391E0,4.747527466E0
8.967126917E0,-1.518038223E1,-1.781445465E0,4.169729004E0
8.977166917E0,-1.417686905E1,-1.650916901E0,2.691852264E0
8.987207917E0,-1.305614960E1,-2.102078705E0,2.438429260E-1
8.997247917E0,-1.326960571E1,-3.135230255E0,-1.976938934E0
9.007288917E0,-1.350237167E1,-3.206332397E0,-2.858455811E0
9.017329917E0,-1.284329224E1,-3.013383636E0,-2.543810120E0
9.027369917E0,-1.215756821E1,-2.500400391E0,-2.750230865E0
9.037410917E0,-1.195339279E1,-1.480870514E0,-3.853586426E0
9.047451917E0,-1.217807556E1,-1.748364258E-1,-5.163811798E0
9.057491917E0,-1.225306961E1,9.662406921E-1,-5.951473846E0
9.067532917E0,-1.226085342E1,1.521735535E0,-5.282065887E0
9.077572917E0,-1.234902008E1,1.917961578E0,-3.912264404E0
9.087613917E0,-1.232387238E1,2.671644287E0,-2.949466553E0
9.097654917E0,-1.244257553E1,3.318449249E0,-1.755699005E0
9.107694917E0,-1.262848892E1,3.638783112E0,-3.733236694E-1
9.117735917E0,-1.258612701E1,3.593277740E0,6.918612671E-1
9.127775917E0,-1.215098190E1,3.023861847E0,1.355880432E0
9.137816917E0,-1.142888351E1,2.329605560E0,1.590442657E0
9.147857917E0,-1.064346680E1,1.684746552E0,1.421144714E0
9.157897917E0,-1.010398865E1,9.946815491E-1,1.008153534E0
9.167938917E0,-9.825118561E0,3.965254211E-1,5.833369446E-1
9.177978917E0,-9.405391388E0,-1.029858398E-1,1.463955688E-1
9.188019917E0,-8.784332886E0,-6.062393188E-1,-8.232879639E-2
9.198060917E0,-8.136031036E0,-1.152303772E0,-2.299218750E-1
9.208100917E0,-7.389533386E0,-1.593735809E0,-2.612068176E-1
9.218141917E0,-6.649172974E0,-1.924697571E0,-1.760339355E-1
9.228181917E0,-5.987249451E0,-2.114203491E0,3.173400879E-2
9.238222917E0,-5.334157562E0,-2.063459015E0,2.618055725E-1
9.248263917E0,-4.712350616E0,-1.860780487E0,4.754113770E-1
9.258303917E0,-4.080963593E0,-1.540596313E0,6.807843018E-1
9.268344917E0,-3.532354431E0,-1.200802917E0,9.583071899E-1
9.278384917E0,-3.199746094E0,-9.160949707E-1,1.252295837E0
9.288425917E0,-3.117267609E0,-5.297483826E-1,1.398242340E0
9.298466917E0,-3.369193726E0,-1.231938171E-1,1.558858337E0
9.308507167E0,-4.101470947E0,4.236190796E-1,1.682950287E0
9.318548167E0,-4.869823151E0,1.260828094E0,1.687590637E0
9.328589167E0,-5.390590210E0,1.920356598E0,1.604064331E0
9.338629167E0,-5.871390381E0,2.421813812E0,1.505868530E0
9.348670167E0,-6.357429657E0,2.894979858E0,1.446891174E0
9.358710167E0,-6.934030609E0,3.250789948E0,1.344953156E0
9.368751167E0,-7.542515259E0,3.321892090E0,1.345402222E0
9.378792167E0,-8.114924927E0,3.061433716E0,1.402733002E0
9.388832167E0,-8.729397125E0,2.514620819E0,1.556762695E0
9.398873167E0,-9.383087769E0,1.845811615E0,1.911075897E0
9.408913167E0,-1.003333557E1,1.179098053E0,2.332599335E0
9.418954167E0,-1.059347076E1,5.599855042E-1,2.768043823E0
9.428995167E0,-1.097068634E1,-4.805007935E-2,3.091521149E0
9.439035167E0,-1.122201370E1,-6.511459351E-1,3.366798706E0
9.449076167E0,-1.147872986E1,-1.176403656E0,3.386707306E0
9.459116167E0,-1.163246017E1,-1.539847870E0,2.959795074E0
9.469157167E0,-1.169802383E1,-1.585951996E0,2.432741089E0
9.479198167E0,-1.179936310E1,-1.480870514E0,2.391726379E0
9.489238167E0,-1.219963074E1,-1.226998444E0,2.951861572E0
9.499279167E0,-1.294463150E1,-6.111790466E-1,3.643722839E0
9.509319167E0,-1.378154114E1,3.098556519E-1,4.315376129E0
9.519360167E0,-1.469569016E1,1.175505524E0,4.382436676E0
9.529401167E0,-1.520867340E1,1.503323822E0,3.407514038E0
9.539441167E0,-1.506766663E1,1.349294128E0,1.686991882E0
9.549482167E0,-1.512799118E1,1.599124603E0,-5.004093933E-1
9.559522167E0,-1.535926025E1,2.331551514E0,-2.552492065E0
9.569563167E0,-1.517634064E1,2.700534210E0,-3.673211517E0
9.579604167E0,-1.452579346E1,2.750679932E0,-4.075125732E0
9.589644167E0,-1.362646362E1,2.581381989E0,-4.370012512E0
9.599685167E0,-1.274674301E1,2.006128235E0,-4.679419098E0
9.609726167E0,-1.190145081E1,9.966275024E-1,-4.679269409E0
9.619766167E0,-1.130793503E1,-1.528321838E-1,-3.910168762E0
9.629807167E0,-1.068762497E1,-9.907896423E-1,-3.007695465E0
9.639847167E0,-9.885892181E0,-1.735041962E0,-2.493365021E0
9.649888167E0,-9.492659912E0,-2.396067352E0,-1.867516479E0
9.659929167E0,-9.570048981E0,-2.890339508E0,-6.971003723E-1
9.669969167E0,-9.699679413E0,-3.111878815E0,5.014572144E-1
9.680010167E0,-9.790540466E0,-2.842888184E0,1.126257935E0
9.690050167E0,-9.774823151E0,-2.279908905E0,1.500180359E0
9.700091167E0,-9.685608673E0,-1.634600830E0,1.828298035E0
9.710132167E0,-9.761500854E0,-9.123527527E-1,1.801653442E0
9.720172167E0,-1.000249969E1,-2.885998535E-1,1.371747437E0
9.730213167E0,-1.002375549E1,2.170486450E-1,7.795788574E-1
9.740253167E0,-9.867929535E0,7.378157043E-1,2.501298523E-1
9.750294167E0,-9.726922760E0,1.100062408E0,-1.751358032E-1
9.760335167E0,-9.480834503E0,1.211131439E0,-4.128414917E-1
9.770375167E0,-9.049581299E0,1.238674164E0,-5.375321960E-1
9.780416167E0,-8.349786530E0,1.166075134E0,-4.665797424E-1
9.790456167E0,-7.474706268E0,1.013392639E0,-3.366499329E-1
9.800497167E0,-6.658154297E0,8.949888611E-1,-8.322692871E-2
9.810538167E0,-5.906267853E0,7.906558228E-1,1.691482544E-1
9.820578167E0,-5.179828491E0,6.312373352E-1,3.858975220E-1
9.830619167E0,-4.588408356E0,4.689747620E-1,6.054908752E-1
9.840660167E0,-4.262236633E0,2.908451843E-1,7.590715027E-1
9.850700167E0,-4.190535736E0,8.038284302E-2,8.702902222E-1
9.860741167E0,-4.288432159E0,-9.355545044E-2,9.654922485E-1
9.870781167E0,-4.601431274E0,-2.194436646E-1,1.092428284E0
9.880822167E0,-5.231620789E0,-4.315525818E-1,1.286275177E0
9.890863167E0,-6.039041748E0,-7.708969116E-1,1.450184326E0
9.900903167E0,-6.862778778E0,-1.157093811E0,1.487007751E0
9.910944167E0,-7.656128998E0,-1.476080475E0,1.449585571E0
9.920984167E0,-8.387957153E0,-1.775158539E0,1.386865997E0
9.931025167E0,-8.964558105E0,-1.958826599E0,1.323697357E0
9.941066167E0,-9.156908112E0,-1.922003174E0,1.351389771E0
9.951106167E0,-8.915909271E0,-1.637893982E0,1.517394562E0
9.961147167E0,-8.683891754E0,-1.278641052E0,1.654509430E0
9.971187167E0,-8.603957977E0,-8.678952026E-1,1.746867371E0
9.981228167E0,-8.673263855E0,-4.432283020E-1,1.898951111E0
9.991269167E0,-8.842561798E0,-6.286926270E-3,2.157762909E0
1.000130917E1,-9.029073944E0,4.635859680E-1,2.435884552E0
1.001135017E1,-9.151070251E0,8.455915833E-1,2.528392181E0
1.002139017E1,-9.157057800E0,1.146016846E0,2.518213348E0
1.003143117E1,-9.120833130E0,1.249302063E0,2.554138641E0
1.004147217E1,-9.244026947E0,8.520281982E-1,2.651286621E0
1.005151217E1,-9.784103851E0,1.416055298E-1,2.617456970E0
1.006155317E1,-1.053868469E1,-4.575984192E-1,2.578986969E0
1.007159317E1,-1.111064529E1,-1.060694275E0,2.483335876E0
1.008163417E1,-1.178319672E1,-1.447639618E0,2.267185364E0
1.009167517E1,-1.227627136E1,-1.122366028E0,1.962419128E0
1.010171517E1,-1.228764771E1,-9.192384338E-1,5.917195129E-1
1.011175617E1,-1.257534943E1,-1.027313690E0,-1.688039703E0
1.012179717E1,-1.321960968E1,-1.122665405E0,-3.442840576E0
1.013183717E1,-1.378303802E1,-9.693841553E-1,-3.948638763E0
1.014187817E1,-1.420141800E1,-4.619393921E-1,-3.976780243E0
1.015191817E1,-1.458821365E1,4.056564331E-2,-4.302652588E0
1.016195917E1,-1.464764008E1,6.348298645E-1,-5.356910248E0
1.017200017E1,-1.452235062E1,1.474433899E0,-7.090455322E0
1.018204017E1,-1.490166183E1,2.514620819E0,-8.793164520E0
1.019208117E1,-1.567330719E1,2.935844879E0,-9.174571381E0
1.020212117E1,-1.640782974E1,2.274819489E0,-7.965834961E0
1.021216217E1,-1.675256287E1,1.491348724E0,-6.314468994E0
1.022220317E1,-1.631292709E1,8.631051636E-1,-4.640500031E0
1.023224317E1,-1.530701889E1,3.844006348E-1,-2.984793091E0
1.024228417E1,-1.398272278E1,7.319778442E-2,-1.733245697E0
1.025232417E1,-1.257055939E1,-2.067201233E-1,-9.250762939E-1
1.026236517E1,-1.130404312E1,-3.923341370E-1,-3.622467041E-1
1.027240617E1,-1.041968216E1,-4.514611816E-1,1.227447510E-2
1.028244617E1,-9.838440857E0,-3.896397400E-1,-1.526824951E-2
1.029248717E1,-9.042994995E0,-9.205856323E-2,-5.557942200E-1
1.030252717E1,-8.278684387E0,2.496807861E-1,-1.046473846E0
1.031256792E1,-7.948022003E0,5.279521179E-1,-1.145717468E0
1.032260892E1,-7.855664063E0,7.327262878E-1,-1.236279144E0
1.033264892E1,-7.788603516E0,7.548802185E-1,-1.207389221E0
1.034268992E1,-7.667954407E0,5.267546082E-1,-1.006357269E0
1.035272992E1,-7.498057709E0,2.457888794E-1,-7.812254333E-1
1.036277092E1,-7.358847198E0,9.684860229E-2,-6.270460510E-1
1.037281192E1,-7.197333069E0,1.191522217E-1,-5.938151550E-1
1.038285192E1,-7.041656799E0,2.261796570E-1,-6.448590088E-1
1.039289292E1,-7.088808746E0,2.758763123E-1,-6.994953918E-1
1.040293292E1,-7.270680542E0,2.784210205E-1,-6.069877625E-1
1.041297392E1,-7.580835571E0,2.278262329E-1,-4.119433594E-1
1.042301492E1,-7.936795349E0,1.416055298E-1,-2.070195007E-1
1.043305492E1,-8.238867188E0,1.675016785E-1,-1.353186035E-1
1.044309592E1,-8.430319061E0,2.267784119E-1,-1.660047913E-1
1.045313692E1,-8.534652100E0,2.716850281E-1,-2.866539001E-1
1.046317692E1,-8.632249146E0,3.526666260E-1,-4.231700134E-1
1.047321792E1,-8.788973236E0,4.731660461E-1,-5.745053101E-1
1.048325792E1,-8.985215149E0,5.703140259E-1,-6.737489319E-1
1.049329892E1,-9.153465271E0,6.721023560E-1,-5.903723145E-1
1.050333992E1,-9.332792358E0,7.725434875E-1,-4.478686523E-1
1.051337992E1,-9.445058899E0,9.231303406E-1,-3.984713745E-1
1.052342092E1,-9.470356293E0,1.050066376E0,-4.578977966E-1
1.053346092E1,-9.435179443E0,1.124910736E0,-7.093748474E-1
1.054350192E1,-9.365424500E0,1.175655212E0,-1.262025604E0
1.055354292E1,-9.307045898E0,1.204096069E0,-1.798210602E0
1.056358292E1,-9.401798859E0,1.250050507E0,-2.102677460E0
1.057362392E1,-9.665999451E0,1.172062683E0,-2.390678558E0
1.058366392E1,-1.016386414E1,6.709048462E-1,-2.552941132E0
1.059370492E1,-1.082174606E1,-3.891906738E-3,-2.578388214E0
1.060374592E1,-1.125973526E1,-5.057981873E-1,-2.609673157E0
1.061378592E1,-1.155581955E1,-1.134041748E0,-2.519710236E0
1.062382692E1,-1.161569504E1,-1.708696747E0,-2.401605835E0
1.063386692E1,-1.137948624E1,-1.986219635E0,-2.363135834E0
1.064390792E1,-1.090078171E1,-1.963466949E0,-2.236349487E0
1.065394892E1,-1.037761963E1,-1.457369385E0,-1.834285583E0
1.066398892E1,-9.742789764E0,-7.023394775E-1,-1.333726501E0
1.067402992E1,-8.981023865E0,-2.918930054E-2,-9.843530273E-1
1.068406992E1,-8.313112793E0,7.108717346E-1,-6.622229004E-1
1.069411092E1,-7.757019196E0,1.418150940E0,-3.155438232E-1
1.070415192E1,-7.377109222E0,2.016157379E0,-8.187973022E-2
1.071419192E1,-7.136409760E0,2.447709961E0,7.424560547E-2
1.072423292E1,-7.095095673E0,2.646047516E0,2.314187622E-1
1.073427292E1,-7.256160736E0,2.430645447E0,3.321592712E-1
1.074431392E1,-7.690856781E0,1.591191101E0,2.998265076E-1
1.075435492E1,-8.341553650E0,8.077203369E-1,-5.688171387E-3
1.076439492E1,-8.949888611E0,2.195933533E-1,-4.439767456E-1
1.077443592E1,-9.476942596E0,-3.833528137E-1,-8.081694031E-1
1.078447592E1,-9.905052338E0,-8.822653198E-1,-1.037342834E0
1.079451692E1,-1.027313690E1,-1.252894592E0,-1.093176727E0
1.080455792E1,-1.052266800E1,-1.444496155E0,-9.981243896E-1
1.081459792E1,-1.066981201E1,-1.429227905E0,-8.339158630E-1
1.082463892E1,-1.079824493E1,-1.043031006E0,-6.890171814E-1
1.083467992E1,-1.076860657E1,-3.905378723E-1,-7.322772217E-1
1.084471992E1,-1.049243088E1,1.061293030E-1,-8.078700256E-1
1.085476092E1,-1.020068756E1,4.556524658E-1,-7.304809570E-1
1.086480092E1,-9.945617981E0,7.694000244E-1,-6.396199036E-1
1.087484192E1,-9.742191010E0,1.090632019E0,-6.611750793E-1
1.088488292E1,-9.564809875E0,1.351689148E0,-7.563771057E-1
1.089492292E1,-9.482331390E0,1.497785339E0,-8.327183533E-1
1.090496392E1,-9.452992401E0,1.529070282E0,-8.755293274E-1
1.091500392E1,-9.494456177E0,1.377136230E0,-8.226892090E-1
1.092504492E1,-9.684860229E0,1.124910736E0,-7.147636414E-1
1.093508592E1,-9.942175140E0,8.445437622E-1,-6.560856628E-1
1.094512592E1,-1.019949005E1,5.116360474E-1,-5.960604858E-1
1.095516692E1,-1.042132874E1,2.014810181E-1,-5.107379150E-1
1.096520692E1,-1.054811508E1,-8.008346558E-2,-3.773652649E-1
1.097524792E1,-1.054721695E1,-3.044668579E-1,-2.157014465E-1
1.098528892E1,-1.039603134E1,-4.254153442E-1,-3.382965088E-2
1.099532892E1,-1.008961853E1,-4.207749939E-1,8.053253174E-2
1.100536992E1,-9.697284393E0,-3.228785706E-1,2.092648315E-1
1.101540992E1,-9.324110413E0,-2.103126526E-1,3.043171692E-1
1.102545092E1,-9.071585541E0,-9.984237671E-2,3.442840576E-1
1.103549192E1,-8.918903046E0,3.592529297E-3,3.634442139E-1
1.104553192E1,-8.874146118E0,1.493893433E-1,3.356021118E-1
1.105557292E1,-8.935069427E0,3.041674805E-1,2.860551453E-1
1.106561292E1,-9.097930756E0,4.357438660E-1,1.886077881E-1
1.107565392E1,-9.381740570E0,5.002597046E-1,5.852828979E-2
1.108569492E1,-9.745933228E0,5.110372925E-1,-8.517288208E-2
1.109573492E1,-1.009395950E1,5.304968262E-1,-2.528242493E-1
1.110577592E1,-1.036339920E1,5.504054260E-1,-4.010160828E-1
1.111581692E1,-1.053030212E1,5.755531311E-1,-5.288502502E-1
1.112585692E1,-1.061293030E1,5.447172546E-1,-6.509962463E-1
1.113589792E1,-1.055694672E1,4.828958130E-1,-6.914122009E-1
1.114593792E1,-1.039902512E1,3.781137085E-1,-5.864804077E-1
1.115597892E1,-1.021730301E1,3.336561584E-1,-3.376977539E-1
1.116601992E1,-1.007285339E1,3.330574036E-1,-1.392105103E-1
1.117605992E1,-9.911039886E0,3.159928894E-1,-1.197509766E-3
1.118610092E1,-9.723629608E0,2.905458069E-1,1.044827271E-1
1.119614092E1,-9.517508240E0,2.439926147E-1,2.077679443E-1
1.120618192E1,-9.344168701E0,2.186952209E-1,2.930905151E-1
1.121622292E1,-9.197324066E0,1.863624573E-1,3.266207886E-1
1.122626292E1,-9.167536011E0,1.525328064E-1,3.867956543E-1
1.123630392E1,-9.212891693E0,2.068698120E-1,3.412902832E-1
1.124634392E1,-9.375603333E0,2.833607483E-1,2.068698120E-1
1.125638492E1,-9.530082092E0,3.293151855E-1,1.236428833E-1
1.126642592E1,-9.653126221E0,3.438349915E-1,8.292755127E-2
1.127646592E1,-9.783654785E0,3.490740967E-1,5.763015747E-2
1.128650692E1,-9.932145996E0,3.932322693E-1,1.496887207E-4
1.129654692E1,-1.008138565E1,4.751119995E-1,-1.332229614E-1
1.130658783E1,-1.016057098E1,5.435197449E-1,-2.258802795E-1
1.131662883E1,-1.014605118E1,5.333409119E-1,-2.046244812E-1
1.132666883E1,-1.007599686E1,4.968168640E-1,-7.095245361E-2
1.133670983E1,-9.990973663E0,4.424798584E-1,1.811233521E-2
1.134674983E1,-9.902956696E0,4.653822327E-1,2.559677124E-2
1.135679083E1,-9.800120544E0,4.668791199E-1,3.263214111E-2
1.136683183E1,-9.734856262E0,4.417314148E-1,6.900650024E-2
1.137687183E1,-9.685458984E0,4.113446045E-1,1.278341675E-1
1.138691283E1,-9.621990967E0,3.821553040E-1,1.329235840E-1
1.139695283E1,-9.551637268E0,3.546125793E-1,1.288819885E-1
1.140699383E1,-9.510472870E0,3.567082214E-1,1.595681763E-1
1.141703483E1,-9.501641235E0,3.767665100E-1,1.770817566E-1
1.142707483E1,-9.542356567E0,4.037104797E-1,1.788780212E-1
1.143711583E1,-9.570797424E0,4.064048767E-1,1.649569702E-1
1.144715583E1,-9.621841278E0,4.343966675E-1,1.933978271E-1
1.145719683E1,-9.647438049E0,4.728666687E-1,1.907034302E-1
1.146723783E1,-9.648186493E0,4.963677979E-1,2.032772827E-1
1.147727783E1,-9.642498322E0,4.897814941E-1,2.387535095E-1
1.148731883E1,-9.687854004E0,4.872367859E-1,2.665956116E-1
1.149735883E1,-9.770631866E0,4.857398987E-1,2.636018372E-1
1.150739983E1,-9.837692413E0,4.532574463E-1,2.022294617E-1
1.151744083E1,-9.889484711E0,4.736151123E-1,1.871109009E-1
1.152748083E1,-9.927206268E0,4.544549561E-1,2.183958435E-1
1.153752183E1,-9.929900665E0,4.490661621E-1,2.118095398E-1
1.154756283E1,-9.909842377E0,4.330494690E-1,2.233355713E-1
1.155760283E1,-9.889185333E0,3.927832031E-1,2.071691895E-1
1.156764383E1,-9.845925293E0,3.908372498E-1,1.892065430E-1
1.157768383E1,-9.786648560E0,3.995191956E-1,1.959425354E-1
1.158772483E1,-9.712253265E0,4.167333984E-1,2.447410583E-1
1.159776583E1,-9.657766571E0,4.119433594E-1,3.655398560E-1
1.160780583E1,-9.657766571E0,4.098477173E-1,4.405339050E-1
1.161784683E1,-9.736502838E0,4.017645264E-1,4.659809875E-1
1.162788683E1,-9.822274475E0,4.471202087E-1,4.505630493E-1
1.163792783E1,-9.811945953E0,4.644841003E-1,4.092489624E-1
1.164796883E1,-9.755513306E0,4.578977966E-1,3.793112183E-1
1.165800883E1,-9.708211670E0,4.290078735E-1,3.555107117E-1
1.166804983E1,-9.694290619E0,4.089495850E-1,2.929408264E-1
1.167808983E1,-9.678124237E0,4.019142151E-1,2.709365845E-1
1.168813083E1,-9.698481903E0,4.248165894E-1,2.582130432E-1
1.169817183E1,-9.746232605E0,4.655319214E-1,2.480342102E-1
1.170821183E1,-9.768835602E0,4.893324280E-1,2.718347168E-1
1.171825283E1,-9.798024902E0,5.072950745E-1,2.992277527E-1
1.172829283E1,-9.811047821E0,5.173242188E-1,3.272195435E-1
1.173833383E1,-9.799970856E0,5.243595886E-1,3.600013733E-1
1.174837483E1,-9.805808716E0,5.373825073E-1,3.489244080E-1
1.175841483E1,-9.762249298E0,5.406756592E-1,3.556604004E-1
1.176845583E1,-9.716294861E0,5.301974487E-1,3.854484558E-1
1.177849583E1,-9.711355133E0,5.059478760E-1,4.204756165E-1
1.178853683E1,-9.755962372E0,5.020559692E-1,4.138893127E-1
1.179857783E1,-9.809251556E0,5.008584595E-1,3.826043701E-1
1.180861783E1,-9.787846069E0,5.053491211E-1,3.692820740E-1
1.181865883E1,-9.727222137E0,5.122348022E-1,3.635939026E-1
1.182869883E1,-9.677824860E0,4.929249573E-1,3.441343689E-1
1.183873983E1,-9.662406921E0,4.933740234E-1,3.637435913E-1
1.184878083E1,-9.673034821E0,4.926255798E-1,3.787124634E-1
1.185882083E1,-9.705816650E0,4.698728943E-1,3.806584167E-1
1.186886183E1,-9.725276184E0,4.429289246E-1,3.915856934E-1
1.187890183E1,-9.737101593E0,4.526586914E-1,4.324507141E-1
1.188894283E1,-9.715247040E0,4.424798584E-1,4.252656555E-1
1.189898383E1,-9.723629608E0,4.400848389E-1,4.035607910E-1
1.190902383E1,-9.717791748E0,4.520599365E-1,3.683839417E-1
1.191906483E1,-9.699829102E0,4.572990417E-1,3.074606323E-1
1.192910583E1,-9.688752136E0,4.520599365E-1,2.827619934E-1
1.193914583E1,-9.697134705E0,4.656816101E-1,3.082090759E-1
1.194918683E1,-9.725425873E0,4.502636719E-1,3.576063538E-1
1.195922683E1,-9.745633850E0,4.641847229E-1,3.960763550E-1
1.196926783E1,-9.755064240E0,4.620890808E-1,4.007167053E-1
1.197930883E1,-9.755363617E0,4.520599365E-1,3.977229309E-1
1.198934883E1,-9.750573578E0,4.529580688E-1,4.150868225E-1
1.199938983E1,-9.730066223E0,4.643344116E-1,4.367916870E-1
1.200942983E1,-9.713750153E0,4.965174866E-1,4.346960449E-1
1.201947083E1,-9.677226105E0,4.625381470E-1,4.586462402E-1
1.202951183E1,-9.683662720E0,4.508624268E-1,4.454736328E-1
1.203955183E1,-9.705068207E0,4.495152283E-1,4.240681458E-1
1.204959283E1,-9.743538208E0,4.204756165E-1,4.215234375E-1
1.205963283E1,-9.745334473E0,3.947291565E-1,4.278103638E-1
1.206967383E1,-9.746382294E0,3.995191956E-1,4.293072510E-1
1.207971483E1,-9.751471710E0,3.745211792E-1,4.432283020E-1
1.208975483E1,-9.750872955E0,3.589535522E-1,4.809498596E-1
1.209979583E1,-9.748028870E0,3.526666260E-1,4.831951904E-1
1.210983583E1,-9.775122528E0,3.523672485E-1,4.475692749E-1
1.211987683E1,-9.742191010E0,3.553610229E-1,4.510121155E-1
1.212991783E1,-9.717492371E0,3.362008667E-1,4.373904419E-1
1.213995783E1,-9.694440308E0,3.670367432E-1,4.376898193E-1
1.214999883E1,-9.677226105E0,3.920347595E-1,4.261637878E-1
1.216003883E1,-9.671987000E0,4.085005188E-1,4.240681458E-1
1.217007983E1,-9.694290619E0,4.195774841E-1,4.453239441E-1
1.218012083E1,-9.735455017E0,4.209246826E-1,4.534071350E-1
1.219016083E1,-9.761650543E0,4.396357727E-1,4.692741394E-1
1.220020183E1,-9.757608948E0,4.342469788E-1,4.677772522E-1
1.221024183E1,-9.728269958E0,4.067042542E-1,4.683760071E-1
1.222028283E1,-9.714648285E0,3.890409851E-1,4.900808716E-1
1.223032383E1,-9.742340698E0,4.236190796E-1,4.439767456E-1
1.224036383E1,-9.748328247E0,4.596940613E-1,3.623963928E-1
1.225040483E1,-9.732610931E0,4.679269409E-1,3.826043701E-1
1.226044483E1,-9.734706573E0,4.638853455E-1,3.793112183E-1
1.227048583E1,-9.713600464E0,4.393363953E-1,3.915856934E-1
1.228052683E1,-9.703271942E0,4.212240601E-1,4.119433594E-1
1.229056683E1,-9.716893616E0,3.966751099E-1,4.385879517E-1
1.230060783E1,-9.733209686E0,3.971241760E-1,4.408332825E-1
1.231064767E1,-9.741891632E0,4.056564331E-1,4.291575623E-1
1.232068867E1,-9.720186768E0,4.053570557E-1,4.263134766E-1
1.233072967E1,-9.713450775E0,4.061054993E-1,3.905378723E-1
1.234076967E1,-9.709858246E0,4.037104797E-1,3.626957703E-1
1.235081067E1,-9.725276184E0,3.996688843E-1,3.454815674E-1
1.236085067E1,-9.724677429E0,4.243675232E-1,3.447331238E-1
1.237089167E1,-9.763596497E0,4.302053833E-1,3.614982605E-1
1.238093267E1,-9.766739960E0,4.596940613E-1,3.445834351E-1
1.239097267E1,-9.755213928E0,4.635859680E-1,3.370989990E-1
1.240101367E1,-9.745633850E0,4.611909485E-1,3.159928894E-1
1.241105467E1,-9.716594238E0,4.555027771E-1,2.659968567E-1
1.242109467E1,-9.719138947E0,4.393363953E-1,2.439926147E-1
1.243113567E1,-9.710457001E0,4.288581848E-1,2.463876343E-1
1.244117567E1,-9.720935211E0,4.203259277E-1,2.737806702E-1
1.245121667E1,-9.739047546E0,4.159849548E-1,2.772235107E-1
1.246125767E1,-9.768087158E0,3.915856934E-1,2.728825378E-1
1.247129767E1,-9.776020660E0,3.667373657E-1,2.704875183E-1
1.248133867E1,-9.793234863E0,3.300636292E-1,2.453398132E-1
1.249137867E1,-9.795031128E0,3.318598938E-1,2.405497742E-1
1.250141967E1,-9.760003967E0,3.248245239E-1,2.275268555E-1
1.251146067E1,-9.745035095E0,3.251239014E-1,2.309696960E-1
1.252150067E1,-9.706714783E0,3.608995056E-1,2.558180237E-1
1.253154167E1,-9.682165833E0,3.668870544E-1,2.790197754E-1
1.254158167E1,-9.687854004E0,3.918850708E-1,2.600093079E-1
1.255162267E1,-9.741442566E0,3.882925415E-1,2.546205139E-1
1.256166367E1,-9.775571594E0,3.992198181E-1,2.463876343E-1
1.257170367E1,-9.799821167E0,4.152365112E-1,2.513273621E-1
1.258174467E1,-9.806407471E0,4.258644104E-1,2.457888794E-1
1.259178467E1,-9.771380310E0,4.372407532E-1,2.344125366E-1
1.260182567E1,-9.751771088E0,4.206253052E-1,2.264790344E-1
1.261186667E1,-9.744586029E0,3.835025024E-1,2.118095398E-1
1.262190667E1,-9.749675446E0,3.607498169E-1,2.395019531E-1
1.263194767E1,-9.766739960E0,3.526666260E-1,2.574645996E-1
1.264198767E1,-9.785151672E0,3.835025024E-1,2.683918762E-1
1.265202867E1,-9.824669495E0,3.878434753E-1,2.454895020E-1
1.266206967E1,-9.833351440E0,3.977229309E-1,2.177970886E-1
1.267210967E1,-9.830207977E0,3.918850708E-1,2.007325745E-1
1.268215067E1,-9.826465759E0,3.890409851E-1,2.043251038E-1
1.269219067E1,-9.803563385E0,4.064048767E-1,2.037263489E-1
1.270223167E1,-9.747729492E0,4.167333984E-1,2.022294617E-1
1.271227267E1,-9.699679413E0,4.062551880E-1,2.345622253E-1
1.272231267E1,-9.690548401E0,4.080514526E-1,2.570155334E-1
1.273235367E1,-9.701026611E0,4.282594299E-1,2.603086853E-1
1.274239367E1,-9.745184784E0,4.357438660E-1,2.414479065E-1
1.275243467E1,-9.759854279E0,4.111949158E-1,2.442919922E-1
1.276247567E1,-9.744885406E0,3.740721130E-1,2.168989563E-1
1.277251567E1,-9.727671204E0,3.547622681E-1,2.002835083E-1
1.278255667E1,-9.726773071E0,3.391946411E-1,1.823208618E-1
1.279259667E1,-9.727820892E0,3.429368591E-1,1.808239746E-1
1.280263767E1,-9.744586029E0,3.318598938E-1,1.797761536E-1
1.281267867E1,-9.787546692E0,3.540138245E-1,1.769320679E-1
1.282271867E1,-9.805659027E0,3.656895447E-1,1.552272034E-1
1.283275967E1,-9.805209961E0,3.879931641E-1,1.685494995E-1
1.284280067E1,-9.807155914E0,3.968247986E-1,1.773811340E-1
1.285284067E1,-9.780960388E0,3.977229309E-1,1.808239746E-1
1.286288167E1,-9.760003967E0,4.077520752E-1,2.001338196E-1
1.287292167E1,-9.755363617E0,3.830534363E-1,2.183958435E-1
1.288296267E1,-9.751920776E0,3.703298950E-1,2.266287231E-1
1.289300367E1,-9.748178558E0,3.802093506E-1,2.079176331E-1
1.290304367E1,-9.737850037E0,3.743714905E-1,1.727407837E-1
1.291308467E1,-9.725874939E0,3.746708679E-1,1.228944397E-1
1.292312467E1,-9.739795990E0,3.673361206E-1,8.622070312E-2
1.293316567E1,-9.734856262E0,3.769161987E-1,1.022373962E-1
1.294320667E1,-9.747280426E0,3.794609070E-1,1.504371643E-1
1.295324667E1,-9.758058014E0,3.847000122E-1,1.746867371E-1
1.296328767E1,-9.770182800E0,3.950285339E-1,1.776805115E-1
1.297332767E1,-9.770781555E0,3.838018799E-1,1.631607056E-1
1.298336867E1,-9.779164124E0,3.643423462E-1,1.689985657E-1
1.299340967E1,-9.784852295E0,3.930825806E-1,1.463955688E-1
1.300344967E1,-9.767488403E0,4.170327759E-1,1.408570862E-1
1.301349067E1,-9.757758636E0,4.227209473E-1,1.495390320E-1
1.302353067E1,-9.727072449E0,4.095483398E-1,1.652563477E-1
1.303357167E1,-9.710756378E0,4.065545654E-1,1.817221069E-1
1.304361267E1,-9.736502838E0,4.279600525E-1,1.913021851E-1
1.305365267E1,-9.729317780E0,4.399351501E-1,2.131567383E-1
1.306369367E1,-9.758956146E0,4.379891968E-1,2.050735474E-1
1.307373367E1,-9.797126770E0,4.586462402E-1,1.948947144E-1
1.308377467E1,-9.759704590E0,3.797602844E-1,1.886077881E-1
1.309381567E1,-9.761201477E0,1.869612122E-1,2.035766602E-1
1.310385567E1,-9.760453033E0,1.914518738E-1,1.423539734E-1
1.311389667E1,-9.708211670E0,1.857637024E-1,1.204994202E-1
1.312393667E1,-9.712852020E0,1.242416382E-1,9.445358276E-2
1.313397767E1,-9.755662994E0,1.395098877E-1,5.418731689E-2
1.314401867E1,-9.817484436E0,3.035687256E-1,5.852828979E-2
1.315405867E1,-9.805359650E0,4.854405212E-1,5.867797852E-2
1.316409967E1,-9.768236847E0,5.557942200E-1,9.131011963E-2
1.317413967E1,-9.696535950E0,5.659730530E-1,1.263372803E-1
1.318418067E1,-9.601932678E0,4.454736328E-1,1.357676697E-1
1.319422167E1,-9.575737152E0,4.147874451E-1,8.292755127E-2
1.320426167E1,-9.573042755E0,3.944297791E-1,6.541397095E-2
1.321430267E1,-9.576934662E0,3.390449524E-1,6.496490479E-2
1.322434367E1,-9.637109528E0,2.912942505E-1,1.184037781E-1
1.323438367E1,-9.706265717E0,3.144960022E-1,1.306782532E-1
1.324442467E1,-9.791588287E0,3.460803223E-1,1.272354126E-1
1.325446467E1,-9.862540741E0,3.772155762E-1,1.508862305E-1
1.326450567E1,-9.937684479E0,4.209246826E-1,1.706451416E-1
1.327454667E1,-9.927954712E0,4.228706360E-1,1.252894592E-1
1.328458667E1,-9.943372650E0,4.686753845E-1,1.591191101E-1
1.329462767E1,-9.929750977E0,5.008584595E-1,1.517843628E-1
1.330466767E1,-9.938432922E0,5.417234802E-1,1.118174744E-1
1.331470871E1,-9.986183624E0,5.812413025E-1,7.544311523E-2
1.332474971E1,-1.001836670E1,6.117778015E-1,4.819976807E-2
1.333478971E1,-1.000145187E1,5.712121582E-1,5.014572144E-2
1.334483071E1,-9.944121094E0,5.150788879E-1,8.457412720E-2
1.335487071E1,-9.901459808E0,4.589456177E-1,1.571731567E-1
1.336491171E1,-9.828411713E0,3.805087280E-1,2.489323425E-1
1.337495271E1,-9.783654785E0,3.852987671E-1,3.311114502E-1
1.338499271E1,-9.702523499E0,2.996768188E-1,4.453239441E-1
1.339503371E1,-9.628128204E0,2.582130432E-1,5.469625854E-1
1.340507371E1,-9.634415131E0,2.598596191E-1,6.484515381E-1
1.341511471E1,-9.644893341E0,2.631527710E-1,7.220983887E-1
1.342515571E1,-9.652228088E0,3.107537842E-1,7.114704895E-1
1.343519571E1,-9.709259491E0,2.990780640E-1,6.903643799E-1
1.344523671E1,-9.725126495E0,3.526666260E-1,6.480024719E-1
1.345527671E1,-9.750872955E0,3.779640198E-1,5.813909912E-1
1.346531771E1,-9.776469727E0,3.597019958E-1,5.791456604E-1
1.347535871E1,-9.775421906E0,3.734733582E-1,5.563929749E-1
1.348539871E1,-9.764943695E0,3.776646423E-1,4.903802490E-1
1.349543971E1,-9.777816925E0,3.721261597E-1,4.559518433E-1
1.350547971E1,-9.783355408E0,3.613485718E-1,4.840933228E-1
1.351552071E1,-9.779313812E0,3.534150696E-1,5.210664368E-1
1.352556171E1,-9.752220154E0,3.691323853E-1,5.629792786E-1
1.353560171E1,-9.763446808E0,3.649411011E-1,6.294410706E-1
1.354564271E1,-9.749675446E0,3.746708679E-1,6.972500610E-1
1.355568271E1,-9.714797974E0,3.638932800E-1,7.464976501E-1
1.356572371E1,-9.682165833E0,3.504212952E-1,7.463479614E-1
1.357576471E1,-9.631421356E0,3.327580261E-1,7.559280396E-1
1.358580471E1,-9.630373535E0,3.255729675E-1,7.485932922E-1
1.359584571E1,-9.653425598E0,3.254232788E-1,7.490423584E-1
1.360588671E1,-9.687105560E0,3.567082214E-1,7.417076111E-1
1.361592671E1,-9.729168091E0,3.897894287E-1,7.032376099E-1
1.362596771E1,-9.759105835E0,4.070036316E-1,6.595285034E-1
1.363600771E1,-9.769134979E0,4.234693909E-1,6.436614990E-1
1.364604871E1,-9.782756653E0,4.090992737E-1,6.950047302E-1
1.365608971E1,-9.770482178E0,3.960763550E-1,6.985972595E-1
1.366612971E1,-9.749974823E0,3.992198181E-1,6.412664795E-1
1.367617071E1,-9.735604706E0,4.273612976E-1,5.944139099E-1
1.368621071E1,-9.752070465E0,3.269201660E-1,5.228627014E-1
1.369625171E1,-9.800419922E0,3.121009827E-1,4.936734009E-1
1.370629271E1,-9.928254089E0,3.049159241E-1,4.731660461E-1
1.371633271E1,-9.914632416E0,4.631369019E-1,5.616320801E-1
1.372637371E1,-9.912237396E0,5.460644531E-1,5.201683044E-1
1.373641371E1,-9.898016968E0,6.297404480E-1,5.875282288E-1
1.374645471E1,-9.785451050E0,6.975494385E-1,6.295907593E-1
1.375649571E1,-9.647887115E0,8.003855896E-1,5.954617310E-1
1.376653571E1,-9.684860229E0,8.246351624E-1,5.745053101E-1
1.377657671E1,-9.617500305E0,7.194039917E-1,6.738986206E-1
1.378661671E1,-9.445957031E0,7.313790894E-1,8.659492493E-1
1.379665771E1,-9.429191895E0,6.375242615E-1,9.324110413E-1
1.380669871E1,-9.480984192E0,5.065466309E-1,8.319699097E-1
1.381673871E1,-9.564061432E0,4.893324280E-1,7.714956665E-1
1.382677971E1,-9.646689606E0,4.354444885E-1,7.951464844E-1
1.383681971E1,-9.788893890E0,2.218386841E-1,8.852590942E-1
1.384686071E1,-9.663454742E0,1.926493835E-1,9.065148926E-1
1.385690171E1,-9.606273651E0,2.899470520E-1,8.629554749E-1
1.386694171E1,-9.660910034E0,3.989204407E-1,8.066725159E-1
1.387698271E1,-9.698481903E0,4.147874451E-1,7.882608032E-1
1.388702371E1,-8.765023041E0,1.631607056E-2,-1.331331482E0
1.389706371E1,-9.766440582E0,-1.074914703E0,1.263971558E0
1.390710471E1,-1.075408676E1,-1.383123779E-1,1.838177490E0
1.391714471E1,-1.036280045E1,5.608836365E-1,9.770182800E-1
1.392718571E1,-1.026370651E1,6.286926270E-1,1.009051666E0
1.393722671E1,-1.026939468E1,7.702981567E-1,1.223555603E0
1.394726671E1,-1.033615585E1,5.996530151E-1,1.356628876E0
1.395730771E1,-1.009455826E1,4.553530884E-1,1.086291046E0
1.396734771E1,-9.666298828E0,2.740800476E-1,2.592608643E-1
1.397738871E1,-9.539512482E0,3.815565491E-1,1.022074585E0
1.398742971E1,-9.161099396E0,9.183403015E-1,2.145937500E0
1.399746971E1,-9.105864258E0,7.777825928E-1,2.524500275E0
1.400751071E1,-9.298214264E0,5.090913391E-1,2.541864166E0
1.401755071E1,-9.557325439E0,2.818638611E-1,2.355950775E0
1.402759171E1,-9.613309021E0,3.492237854E-1,2.428699493E0
1.403763271E1,-9.402996368E0,4.996609497E-1,2.905907135E0
1.404767271E1,-9.002279663E0,4.834945679E-1,3.353027344E0
1.405771371E1,-8.763226776E0,4.544549561E-1,3.074905701E0
1.406775371E1,-8.627608795E0,3.866459656E-1,2.818189545E0
1.407779471E1,-8.849597168E0,3.450325012E-1,2.008822632E0
1.408783571E1,-9.429341583E0,7.065307617E-2,9.105564880E-1
1.409787571E1,-1.014036301E1,-1.784289551E-1,1.492396545E-1
1.410791671E1,-1.026370651E1,-2.177970886E-1,-3.685336304E-1
1.411795671E1,-1.019724472E1,-2.191442871E-1,1.079255676E-1
1.412799771E1,-1.011850845E1,-2.498304749E-1,1.195863190E0
1.413803871E1,-9.546547852E0,4.436773682E-1,2.006577301E0
1.414807871E1,-9.453591156E0,1.203647003E0,1.771266632E0
1.415811971E1,-9.933193817E0,1.474134521E0,1.475032654E0
1.416815971E1,-1.029843430E1,1.264720001E0,1.651665344E0
1.417820071E1,-1.016910324E1,1.015039215E0,1.851350098E0
1.418824171E1,-9.860445099E0,9.466314697E-1,2.051932983E0
1.419828171E1,-9.724527740E0,6.794371033E-1,2.176473999E0
1.420832271E1,-9.843081207E0,3.046165466E-1,1.958377533E0
1.421836371E1,-9.786349182E0,1.883084106E-1,2.280807037E0
1.422840371E1,-9.729766846E0,2.963836670E-2,2.830314331E0
1.423844471E1,-9.436077576E0,1.230441284E-1,2.914439392E0
1.424848471E1,-9.166488190E0,3.041674805E-1,2.856509857E0
1.425852571E1,-9.198521576E0,3.577560425E-1,2.696791992E0
1.426856671E1,-9.466314697E0,1.670526123E-1,2.524051208E0
1.427860671E1,-9.420959015E0,7.604187012E-2,2.629282379E0
1.428864771E1,-8.827592926E0,3.396437073E-1,2.688559113E0
1.429868771E1,-8.392447815E0,8.539741516E-1,2.844085693E0
1.430872892E1,-8.304879913E0,9.749226379E-1,3.216062164E0
1.431876992E1,-8.468789062E0,8.312214661E-1,3.276835785E0
1.432880992E1,-8.905131683E0,7.509883118E-1,3.236419830E0
1.433885092E1,-9.356443176E0,6.273454285E-1,3.182980957E0
1.434889092E1,-9.563462677E0,5.170248413E-1,3.423231354E0
1.435893192E1,-9.688901825E0,6.007008362E-1,3.812871094E0
1.436897292E1,-9.811496887E0,6.496490479E-1,4.103416901E0
1.437901292E1,-9.455836487E0,7.646099854E-1,4.074377289E0
1.438905392E1,-9.214538269E0,9.412426758E-1,3.870052185E0
1.439909392E1,-9.330696716E0,7.937992859E-1,3.836671600E0
1.440913492E1,-9.529483337E0,6.979985046E-1,3.936214600E0
1.441917592E1,-9.560468903E0,9.033714294E-1,4.150119781E0
1.442921592E1,-9.382638702E0,1.093176727E0,4.312232666E0
1.443925692E1,-9.179810486E0,1.074016571E0,4.553979950E0
1.444929692E1,-8.788673859E0,1.078507233E0,4.459975433E0
1.445933792E1,-8.632847900E0,1.216220856E0,4.201163635E0
1.446937892E1,-8.492439880E0,1.059047699E0,4.104315033E0
1.447941892E1,-8.212072906E0,1.024469604E0,4.327949982E0
1.448945992E1,-8.048014069E0,1.057850189E0,4.613855438E0
1.449950092E1,-7.863747253E0,1.143322449E0,4.718936920E0
1.450954092E1,-7.801476746E0,1.218615875E0,4.588707733E0
1.451958192E1,-7.769443359E0,1.231788483E0,4.567601624E0
1.452962192E1,-7.864645386E0,1.198856964E0,4.625082092E0
1.453966292E1,-7.924371185E0,1.203497314E0,4.892126770E0
1.454970392E1,-7.950566711E0,1.192719727E0,5.025349731E0
1.455974392E1,-8.001909943E0,1.116079102E0,5.052593079E0
1.456978492E1,-7.910300446E0,1.161734161E0,5.021457825E0
1.457982492E1,-7.793842621E0,1.230441284E0,4.952451324E0
1.458986592E1,-7.887098694E0,1.209634552E0,5.107379150E0
1.459990692E1,-7.952063599E0,1.187480621E0,5.279970245E0
1.460994692E1,-8.011639709E0,1.211430817E0,5.303471375E0
1.461998792E1,-7.950566711E0,1.253792725E0,5.288352814E0
1.463002792E1,-7.976462860E0,1.249601440E0,5.405259705E0
1.464006892E1,-8.013435974E0,1.176852722E0,5.370382233E0
1.465010992E1,-7.937843170E0,1.191222839E0,5.372627563E0
1.466014992E1,-7.792345734E0,1.340761871E0,5.300178223E0
1.467019092E1,-7.957901459E0,1.370998993E0,5.428162079E0
1.468023092E1,-8.112230530E0,1.254241791E0,5.510790253E0
1.469027192E1,-8.195008392E0,1.176852722E0,5.660029907E0
1.470031292E1,-8.240214386E0,1.195414124E0,5.738017731E0
1.471035292E1,-8.280181274E0,1.285077667E0,5.771548004E0
1.472039392E1,-8.301736450E0,1.317560120E0,5.803880768E0
1.473043392E1,-8.183033295E0,1.397344208E0,5.752387848E0
1.474047492E1,-8.229436798E0,1.490600281E0,6.278244324E0
1.475051592E1,-8.203091583E0,1.651066589E0,6.276148682E0
1.476055592E1,-8.260422363E0,1.521735535E0,6.200406189E0
1.477059692E1,-8.073311462E0,1.450334015E0,5.716462555E0
1.478063692E1,-7.747588806E0,1.492546234E0,5.388344879E0
1.479067792E1,-7.557633820E0,1.597028961E0,5.482648773E0
1.480071892E1,-7.555238800E0,1.567390594E0,6.077960815E0
1.481075892E1,-7.608977051E0,1.629661102E0,6.109395447E0
1.482079992E1,-7.406148834E0,1.596879272E0,5.706583099E0
1.483084092E1,-7.195686493E0,1.538949738E0,5.687572632E0
1.484088092E1,-6.945107574E0,1.609752502E0,5.787265320E0
1.485092192E1,-6.902745667E0,1.612746277E0,6.132597198E0
1.486096192E1,-6.829398193E0,1.652114410E0,6.346203003E0
1.487100292E1,-6.785988464E0,1.716181183E0,6.483617249E0
1.488104392E1,-6.683751068E0,1.687890015E0,6.352040863E0
1.489108392E1,-6.552773438E0,1.664688263E0,6.100563812E0
1.490112492E1,-6.547534332E0,1.670825500E0,6.035299530E0
1.491116492E1,-6.627168732E0,1.587149506E0,6.298601990E0
1.492120592E1,-6.634653168E0,1.570833435E0,6.411916351E0
1.493124692E1,-6.661746826E0,1.636247406E0,6.487808533E0
1.494128692E1,-6.694229279E0,1.639989624E0,6.426286469E0
1.495132792E1,-6.890471191E0,1.588347015E0,6.435417480E0
1.496136792E1,-7.048392792E0,1.631008301E0,6.698270874E0
1.497140892E1,-7.065307617E0,1.671873322E0,6.660249939E0
1.498144992E1,-7.106022949E0,1.571432190E0,6.701713715E0
1.499148992E1,-7.121740265E0,1.581461334E0,6.741381226E0
1.500153092E1,-7.199877777E0,1.632804565E0,6.761738892E0
1.501157092E1,-7.098688202E0,1.602118378E0,6.622827759E0
1.502161192E1,-7.027885437E0,1.613345032E0,6.442003784E0
1.503165292E1,-7.026837616E0,1.557211761E0,6.426585846E0
1.504169292E1,-6.968009949E0,1.587448883E0,6.356082458E0
1.505173392E1,-7.102280731E0,1.635498962E0,6.661297760E0
1.506177492E1,-7.068151703E0,1.621128845E0,6.704258423E0
1.507181492E1,-6.964866486E0,1.640139313E0,6.735393677E0
1.508185592E1,-7.062912598E0,1.653012543E0,6.838080139E0
1.509189592E1,-7.264992371E0,1.658251648E0,6.807843018E0
1.510193692E1,-7.173083496E0,1.652264099E0,6.734645233E0
1.511197792E1,-7.047943726E0,1.632505188E0,6.689738617E0
1.512201792E1,-6.914870453E0,1.608405304E0,6.632258148E0
1.513205892E1,-6.712640991E0,1.708097992E0,6.546187134E0
1.514209892E1,-6.517446899E0,1.764530640E0,6.419849854E0
1.515213992E1,-6.611900482E0,1.658101959E0,6.541097717E0
1.516218092E1,-6.840325470E0,1.723815308E0,6.943161621E0
1.517222092E1,-6.907086639E0,1.761536865E0,6.972650299E0
1.518226192E1,-6.953490143E0,1.705403595E0,6.732250214E0
1.519230192E1,-6.849157104E0,1.673220520E0,6.544091492E0
1.520234292E1,-7.011269989E0,1.760788422E0,6.450386353E0
1.521238392E1,-6.917564850E0,1.773811340E0,6.357878723E0
1.522242392E1,-6.817872162E0,1.755249939E0,6.476132812E0
1.523246492E1,-6.653813324E0,1.749861145E0,6.521937561E0
1.524250492E1,-6.646628265E0,1.786983948E0,6.700516205E0
1.525254592E1,-6.639742584E0,1.788331146E0,6.765930176E0
1.526258692E1,-6.840325470E0,1.745220795E0,6.936725006E0
1.527262692E1,-6.887477417E0,1.717079315E0,6.882837067E0
1.528266792E1,-6.876849518E0,1.731599121E0,6.731950836E0
1.529270792E1,-6.863227844E0,1.664837952E0,6.688840485E0
1.530274892E1,-6.816075897E0,1.656904449E0,6.630162506E0
1.531278979E1,-6.760541382E0,1.638043671E0,6.578819275E0
1.532282979E1,-6.728358307E0,1.604214020E0,6.650520172E0
1.533287079E1,-6.920858002E0,1.640887756E0,6.912325745E0
1.534291179E1,-7.125632172E0,1.623823242E0,6.891968079E0
1.535295179E1,-7.144642639E0,1.618733826E0,6.537954254E0
1.536299279E1,-7.214247894E0,1.595981140E0,6.518345032E0
1.537303279E1,-7.170089722E0,1.482666779E0,6.477030945E0
1.538307379E1,-6.976093140E0,1.466799774E0,6.538103943E0
1.539311479E1,-6.828050995E0,1.441352692E0,6.722370758E0
1.540315479E1,-6.719526672E0,1.671573944E0,5.966143341E0
1.541319579E1,-6.637646942E0,2.065704346E0,5.154830475E0
1.542323579E1,-6.847510529E0,1.537153473E0,6.558910675E0
1.543327679E1,-6.794820099E0,1.654509430E0,6.913822632E0
1.544331779E1,-6.538403320E0,1.723964996E0,7.087611237E0
1.545335779E1,-6.393504639E0,1.673819275E0,7.257058868E0
1.546339879E1,-6.185137939E0,1.587748260E0,7.594457245E0
1.547343879E1,-6.017785950E0,1.661095734E0,7.926616516E0
1.548347979E1,-6.059249725E0,1.620380402E0,8.336464233E0
1.549352079E1,-6.314468994E0,1.522483978E0,8.542286224E0
1.550356079E1,-6.558910675E0,1.600471802E0,8.621920624E0
1.551360179E1,-6.762786713E0,1.633852386E0,8.490793304E0
1.552364179E1,-6.792724457E0,1.609153748E0,8.175548859E0
1.553368279E1,-6.677015076E0,1.811083832E0,7.158414001E0
1.554372379E1,-6.624324646E0,1.906285858E0,6.518644409E0
1.555376379E1,-6.661597137E0,1.679657135E0,6.232289886E0
