time,x,y
20,2072.96,3661.04
35,2072.96,3661.04
51,2072.96,3661.04
67,2072.96,3661.04
83,2072.96,3661.04
99,2072.96,3661.04
115,2072.96,3661.04
131,2072.96,3661.04
147,2072.96,3661.04
163,2072.96,3661.04
179,2072.96,3661.04
195,2072.96,3652.14
211,2072.96,3643.25
226,2072.96,3643.25
243,2072.96,3643.25
259,2072.96,3634.35
275,2072.96,3634.35
292,2072.96,3634.35
307,2072.96,3616.55
323,2072.96,3616.55
340,2072.96,3616.55
356,2072.96,3607.66
372,2072.96,3607.66
388,2072.96,3607.66
404,2072.96,3607.66
419,2072.96,3607.66
435,2072.96,3607.66
451,2072.96,3607.66
467,2072.96,3598.76
483,2072.96,3598.76
500,2072.96,3598.76
515,2072.96,3598.76
531,2072.96,3598.76
547,2072.96,3598.76
563,2072.96,3598.76
579,2072.96,3598.76
594,2072.96,3589.86
610,2072.96,3589.86
627,2072.96,3589.86
643,2072.96,3589.86
659,2072.96,3589.86
675,2072.96,3589.86
692,2072.96,3589.86
708,2072.96,3589.86
725,2072.96,3589.86
741,2072.96,3589.86
756,2072.96,3589.86
771,2072.96,3589.86
788,2072.96,3589.86
804,2072.96,3589.86
819,2072.96,3580.97
836,2072.96,3580.97
851,2072.96,3580.97
867,2072.96,3580.97
883,2072.96,3580.97
900,2072.96,3580.97
916,2072.96,3580.97
931,2072.96,3580.97
948,2072.96,3572.07
963,2072.96,3572.07
979,2072.96,3572.07
994,2072.96,3572.07
1011,2072.96,3572.07
1026,2072.96,3563.17
1043,2072.96,3563.17
1059,2072.96,3563.17
1076,2072.96,3563.17
1092,2072.96,3563.17
1107,2072.96,3563.17
1124,2072.96,3554.28
1139,2072.96,3554.28
1155,2072.96,3554.28
1172,2072.96,3554.28
1188,2072.96,3554.28
1203,2072.96,3554.28
1219,2072.96,3554.28
1235,2072.96,3545.38
1251,2072.96,3545.38
1268,2072.96,3545.38
1284,2072.96,3545.38
1300,2072.96,3545.38
1315,2072.96,3545.38
1330,2072.96,3545.38
1347,2072.96,3545.38
1363,2072.96,3545.38
1379,2072.96,3545.38
1395,2072.96,3545.38
1411,2072.96,3536.48
1427,2072.96,3536.48
1442,2072.96,3527.59
1459,2072.96,3527.59
1475,2072.96,3527.59
1491,2072.96,3527.59
1508,2072.96,3527.59
1524,2072.96,3527.59
1539,2072.96,3527.59
1556,2072.96,3518.69
1572,2072.96,3518.69
1588,2072.96,3518.69
1604,2072.96,3518.69
1620,2072.96,3518.69
1635,2072.96,3518.69
1651,2072.96,3509.79
1668,2072.96,3509.79
1683,2072.96,3509.79
1699,2072.96,3509.79
1716,2072.96,3500.9
1731,2072.96,3500.9
1747,2072.96,3500.9
1763,2072.96,3500.9
1779,2072.96,3500.9
1795,2072.96,3500.9
1811,2072.96,3500.9
1826,2072.96,3492
1843,2072.96,3492
1860,2072.96,3483.1
1875,2072.96,3483.1
1892,2072.96,3483.1
1908,2072.96,3483.1
1924,2072.96,3483.1
1940,2064.06,3474.21
1955,2064.06,3474.21
1972,2064.06,3474.21
1987,2064.06,3474.21
2004,2064.06,3474.21
2019,2064.06,3474.21
2035,2064.06,3474.21
2051,2064.06,3474.21
2067,2064.06,3474.21
2083,2064.06,3474.21
2099,2064.06,3465.31
2115,2064.06,3465.31
2132,2064.06,3465.31
2146,2064.06,3465.31
2163,2064.06,3465.31
2178,2064.06,3465.31
2195,2064.06,3465.31
2211,2064.06,3465.31
2226,2064.06,3465.31
2243,2064.06,3465.31
2260,2055.16,3456.41
2275,2055.16,3456.41
2292,2055.16,3456.41
2307,2055.16,3456.41
2324,2055.16,3456.41
2340,2055.16,3456.41
2356,2055.16,3456.41
2372,2055.16,3447.52
2388,2055.16,3447.52
2404,2055.16,3447.52
2419,2055.16,3447.52
2435,2055.16,3447.52
2452,2055.16,3447.52
2467,2055.16,3447.52
2483,2055.16,3447.52
2498,2055.16,3438.62
2515,2055.16,3438.62
2531,2055.16,3438.62
2547,2055.16,3438.62
2563,2055.16,3438.62
2579,2055.16,3429.72
2595,2055.16,3429.72
2610,2055.16,3429.72
2626,2055.16,3429.72
2643,2055.16,3429.72
2659,2055.16,3429.72
2675,2055.16,3429.72
2692,2055.16,3420.83
2708,2055.16,3420.83
2724,2055.16,3411.93
2740,2055.16,3411.93
2755,2055.16,3411.93
2771,2055.16,3411.93
2788,2055.16,3403.03
2804,2055.16,3394.13
2820,2055.16,3394.13
2836,2055.16,3394.13
2851,2055.16,3394.13
2866,2055.16,3385.24
2883,2055.16,3385.24
2899,2055.16,3385.24
2915,2055.16,3376.34
2931,2055.16,3376.34
2948,2055.16,3367.44
2963,2055.16,3358.55
2979,2055.16,3349.65
2995,2055.16,3340.75
3011,2055.16,3331.86
3026,2055.16,3331.86
3043,2055.16,3331.86
3059,2055.16,3331.86
3075,2055.16,3331.86
3092,2055.16,3331.86
3108,2055.16,3331.86
3124,2055.16,3322.96
3139,2055.16,3322.96
3156,2055.16,3322.96
3171,2055.16,3322.96
3188,2055.16,3314.06
3203,2055.16,3314.06
3220,2055.16,3314.06
3236,2055.16,3314.06
3251,2055.16,3314.06
3268,2055.16,3305.17
3284,2055.16,3305.17
3300,2055.16,3296.27
3315,2055.16,3296.27
3330,2055.16,3296.27
3347,2055.16,3296.27
3363,2055.16,3296.27
3379,2055.16,3296.27
3394,2055.16,3296.27
3410,2055.16,3287.37
3426,2055.16,3287.37
3443,2046.27,3278.48
3459,2046.27,3278.48
3476,2046.27,3278.48
3492,2046.27,3278.48
3508,2046.27,3278.48
3523,2046.27,3269.58
3539,2046.27,3269.58
3556,2046.27,3269.58
3572,2046.27,3260.68
3588,2046.27,3260.68
3603,2046.27,3260.68
3619,2046.27,3260.68
3635,2046.27,3260.68
3651,2046.27,3251.79
3668,2046.27,3251.79
3683,2046.27,3251.79
3699,2046.27,3251.79
3715,2046.27,3251.79
3731,2046.27,3251.79
3747,2046.27,3251.79
3763,2046.27,3242.89
3779,2046.27,3242.89
3795,2046.27,3242.89
3810,2046.27,3233.99
3826,2046.27,3233.99
3842,2046.27,3233.99
3859,2046.27,3233.99
3875,2046.27,3233.99
3892,2046.27,3233.99
3908,2046.27,3233.99
3924,2046.27,3233.99
3940,2046.27,3233.99
3956,2046.27,3233.99
3972,2046.27,3233.99
3988,2046.27,3225.1
4004,2046.27,3225.1
4019,2046.27,3225.1
4036,2046.27,3225.1
4051,2046.27,3225.1
4067,2046.27,3216.2
4083,2046.27,3216.2
4100,2046.27,3216.2
4115,2046.27,3216.2
4132,2046.27,3216.2
4147,2046.27,3216.2
4163,2046.27,3207.3
4179,2046.27,3207.3
4195,2046.27,3198.4
4211,2046.27,3198.4
4226,2046.27,3198.4
4243,2046.27,3180.61
4260,2046.27,3180.61
4275,2046.27,3180.61
4291,2046.27,3180.61
4307,2046.27,3180.61
4324,2046.27,3171.71
4340,2046.27,3171.71
4356,2046.27,3171.71
4371,2046.27,3171.71
4388,2046.27,3171.71
4403,2046.27,3171.71
4420,2046.27,3162.82
4436,2046.27,3162.82
4451,2046.27,3162.82
4467,2046.27,3162.82
4483,2046.27,3162.82
4499,2046.27,3162.82
4515,2046.27,3162.82
4531,2046.27,3153.92
4547,2046.27,3153.92
4563,2046.27,3153.92
4579,2046.27,3153.92
4594,2046.27,3145.02
4611,2046.27,3145.02
4627,2046.27,3136.13
4643,2046.27,3136.13
4659,2046.27,3136.13
4675,2046.27,3136.13
4692,2046.27,3127.23
4708,2055.16,3118.33
4723,2055.16,3118.33
4740,2055.16,3118.33
4756,2055.16,3109.44
4772,2055.16,3109.44
4788,2055.16,3109.44
4804,2055.16,3109.44
4819,2055.16,3100.54
4835,2055.16,3100.54
4852,2055.16,3100.54
4867,2055.16,3091.64
4884,2055.16,3091.64
4899,2055.16,3091.64
4915,2055.16,3082.75
4931,2055.16,3082.75
4947,2055.16,3082.75
4962,2055.16,3082.75
4979,2055.16,3082.75
4995,2055.16,3082.75
5011,2055.16,3082.75
5026,2055.16,3082.75
5043,2055.16,3073.85
5060,2055.16,3064.95
5075,2055.16,3064.95
5092,2055.16,3064.95
5108,2055.16,3056.06
5124,2055.16,3056.06
5140,2055.16,3047.16
5156,2055.16,3047.16
5172,2055.16,3047.16
5188,2055.16,3047.16
5204,2055.16,3038.26
5220,2055.16,3038.26
5235,2055.16,3038.26
5252,2055.16,3038.26
5268,2055.16,3038.26
5283,2055.16,3029.37
5299,2055.16,3029.37
5315,2055.16,3029.37
5331,2055.16,3029.37
5347,2055.16,3029.37
5363,2055.16,3029.37
5379,2055.16,3029.37
5395,2055.16,3029.37
5411,2055.16,3029.37
5426,2055.16,3029.37
5443,2055.16,3029.37
5459,2064.06,3029.37
5475,2064.06,3029.37
5492,2064.06,3020.47
5508,2064.06,3020.47
5524,2064.06,3020.47
5540,2064.06,3011.57
5556,2064.06,3011.57
5572,2064.06,3002.67
5587,2072.96,3002.67
5604,2072.96,3002.67
5619,2072.96,2993.78
5636,2072.96,2984.88
5651,2072.96,2984.88
5668,2072.96,2975.98
5684,2072.96,2975.98
5699,2072.96,2975.98
5715,2072.96,2967.09
5731,2072.96,2967.09
5748,2072.96,2958.19
5763,2072.96,2958.19
5779,2072.96,2958.19
5795,2072.96,2958.19
5811,2072.96,2958.19
5827,2072.96,2958.19
5842,2072.96,2949.29
5859,2072.96,2949.29
5875,2072.96,2949.29
5892,2072.96,2949.29
5907,2072.96,2949.29
5924,2072.96,2940.4
5940,2072.96,2940.4
5956,2072.96,2940.4
5972,2072.96,2931.5
5987,2072.96,2931.5
6004,2072.96,2931.5
6019,2072.96,2922.6
6035,2072.96,2922.6
6051,2072.96,2913.71
6067,2072.96,2913.71
6083,2072.96,2904.81
6099,2072.96,2895.91
6115,2072.96,2887.02
6131,2072.96,2887.02
6147,2072.96,2887.02
6163,2072.96,2887.02
6179,2072.96,2887.02
6194,2072.96,2878.12
6212,2072.96,2869.22
6227,2072.96,2869.22
6242,2072.96,2860.33
6259,2072.96,2851.43
6275,2072.96,2851.43
6292,2072.96,2851.43
6308,2072.96,2851.43
6324,2072.96,2851.43
6340,2072.96,2842.53
6355,2072.96,2833.64
6371,2072.96,2833.64
6388,2072.96,2833.64
6403,2072.96,2833.64
6420,2072.96,2824.74
6436,2072.96,2824.74
6451,2072.96,2815.84
6466,2072.96,2815.84
6483,2072.96,2806.94
6498,2072.96,2806.94
6516,2072.96,2806.94
6531,2072.96,2806.94
6547,2072.96,2798.05
6563,2072.96,2789.15
6578,2072.96,2789.15
6595,2072.96,2789.15
6611,2072.96,2780.25
6627,2072.96,2780.25
6643,2072.96,2771.36
6660,2072.96,2762.46
6675,2072.96,2762.46
6691,2064.06,2762.46
6708,2064.06,2753.56
6724,2064.06,2753.56
6739,2064.06,2744.67
6756,2064.06,2744.67
6772,2064.06,2744.67
6788,2064.06,2744.67
6804,2064.06,2735.77
6819,2064.06,2735.77
6836,2064.06,2726.87
6852,2064.06,2726.87
6868,2064.06,2726.87
6882,2064.06,2717.98
6899,2064.06,2717.98
6915,2064.06,2717.98
6932,2064.06,2709.08
6947,2064.06,2709.08
6963,2064.06,2709.08
6978,2064.06,2709.08
6995,2064.06,2709.08
7011,2064.06,2700.18
7027,2064.06,2691.29
7043,2064.06,2691.29
7059,2064.06,2691.29
7075,2064.06,2691.29
7092,2064.06,2682.39
7108,2064.06,2682.39
7124,2064.06,2682.39
7140,2064.06,2682.39
7156,2064.06,2673.49
7172,2064.06,2673.49
7188,2064.06,2664.6
7204,2064.06,2655.7
7219,2064.06,2655.7
7235,2064.06,2655.7
7251,2064.06,2637.91
7267,2064.06,2637.91
7283,2064.06,2629.01
7299,2064.06,2620.11
7315,2064.06,2611.21
7331,2064.06,2602.32
7347,2064.06,2593.42
7362,2064.06,2584.52
7379,2064.06,2575.63
7394,2064.06,2575.63
7410,2064.06,2566.73
7427,2064.06,2557.83
7442,2064.06,2557.83
7459,2064.06,2540.04
7475,2064.06,2540.04
7492,2064.06,2540.04
7508,2064.06,2540.04
7524,2064.06,2531.14
7539,2064.06,2522.25
7556,2064.06,2513.35
7572,2064.06,2504.45
7588,2064.06,2504.45
7604,2064.06,2495.56
7619,2064.06,2486.66
7636,2072.96,2486.66
7651,2072.96,2486.66
7668,2072.96,2486.66
7684,2072.96,2486.66
7699,2072.96,2477.76
7715,2072.96,2468.87
7732,2072.96,2468.87
7747,2072.96,2459.97
7763,2072.96,2459.97
7779,2072.96,2451.07
7795,2072.96,2442.18
7811,2072.96,2442.18
7826,2072.96,2442.18
7842,2072.96,2433.28
7858,2072.96,2433.28
7875,2072.96,2433.28
7892,2072.96,2433.28
7908,2072.96,2433.28
7924,2072.96,2433.28
7940,2072.96,2424.38
7955,2072.96,2424.38
7972,2072.96,2424.38
7988,2072.96,2424.38
8004,2072.96,2424.38
8019,2072.96,2415.49
8035,2072.96,2415.49
8052,2072.96,2406.59
8067,2072.96,2406.59
8083,2072.96,2397.69
8099,2072.96,2397.69
8115,2072.96,2388.79
8131,2072.96,2388.79
8147,2072.96,2388.79
8163,2072.96,2388.79
8179,2081.85,2388.79
8195,2081.85,2388.79
8211,2081.85,2379.9
8227,2081.85,2379.9
8243,2081.85,2379.9
8259,2081.85,2379.9
8275,2081.85,2379.9
8291,2081.85,2379.9
8307,2081.85,2379.9
8324,2081.85,2371
8339,2081.85,2371
8355,2081.85,2371
8371,2081.85,2371
8388,2081.85,2371
8403,2081.85,2371
8420,2081.85,2371
8436,2081.85,2371
8451,2081.85,2371
8467,2081.85,2362.1
8484,2090.75,2362.1
8499,2090.75,2362.1
8515,2090.75,2362.1
8531,2090.75,2353.21
8547,2090.75,2353.21
8562,2090.75,2353.21
8578,2090.75,2353.21
8595,2090.75,2344.31
8611,2090.75,2344.31
8627,2090.75,2344.31
8642,2090.75,2344.31
8659,2090.75,2335.41
8675,2090.75,2335.41
8692,2090.75,2335.41
8708,2090.75,2335.41
8724,2090.75,2326.52
8740,2090.75,2326.52
8756,2090.75,2326.52
8772,2081.85,2326.52
8788,2081.85,2317.62
8804,2081.85,2317.62
8819,2081.85,2317.62
8836,2081.85,2308.72
8852,2081.85,2308.72
8867,2072.96,2308.72
8883,2072.96,2308.72
8899,2072.96,2308.72
8915,2072.96,2308.72
8931,2072.96,2290.93
8947,2072.96,2290.93
8963,2072.96,2282.03
8979,2072.96,2282.03
8995,2072.96,2273.14
9010,2072.96,2264.24
9027,2072.96,2255.34
9043,2072.96,2255.34
9060,2072.96,2255.34
9075,2072.96,2255.34
9092,2072.96,2255.34
9109,2072.96,2255.34
9124,2064.06,2255.34
9139,2055.16,2255.34
9156,2055.16,2255.34
9171,2055.16,2255.34
9188,2055.16,2255.34
9203,2055.16,2255.34
9220,2046.27,2255.34
9236,2046.27,2255.34
9251,2037.37,2255.34
9267,2028.47,2255.34
9282,2028.47,2255.34
9299,2028.47,2255.34
9315,2019.58,2255.34
9330,2019.58,2255.34
9347,2010.68,2255.34
9363,2010.68,2255.34
9378,2010.68,2255.34
9394,2010.68,2255.34
9411,2010.68,2255.34
9427,2001.78,2255.34
9443,1992.89,2255.34
9460,1992.89,2255.34
9475,1992.89,2255.34
9492,1983.99,2255.34
9508,1983.99,2255.34
9524,1983.99,2255.34
9540,1983.99,2255.34
9555,1983.99,2255.34
9572,1975.09,2255.34
9587,1966.2,2255.34
9603,1957.3,2255.34
9620,1948.4,2255.34
9636,1948.4,2255.34
9651,1948.4,2255.34
9668,1948.4,2255.34
9683,1948.4,2255.34
9699,1939.51,2255.34
9715,1930.61,2255.34
9732,1930.61,2255.34
9746,1930.61,2255.34
9763,1930.61,2255.34
9779,1930.61,2255.34
9795,1930.61,2255.34
9811,1912.82,2255.34
9826,1912.82,2255.34
9843,1912.82,2255.34
9860,1903.92,2255.34
9875,1903.92,2255.34
9891,1903.92,2255.34
9908,1903.92,2255.34
9924,1903.92,2255.34
9938,1903.92,2255.34
9956,1895.02,2255.34
9971,1886.12,2255.34
9987,1886.12,2255.34
10004,1886.12,2255.34
10020,1886.12,2255.34
10035,1886.12,2255.34
10051,1886.12,2255.34
10067,1877.23,2255.34
10084,1877.23,2255.34
10099,1868.33,2255.34
10115,1868.33,2255.34
10131,1868.33,2255.34
10147,1868.33,2255.34
10163,1868.33,2255.34
10179,1868.33,2255.34
10195,1859.43,2255.34
10211,1850.54,2255.34
10226,1850.54,2255.34
10242,1850.54,2255.34
10258,1850.54,2255.34
10275,1850.54,2255.34
10292,1841.64,2255.34
10307,1841.64,2255.34
10324,1832.74,2255.34
10339,1832.74,2255.34
10354,1823.85,2255.34
10372,1823.85,2255.34
10387,1823.85,2255.34
10403,1823.85,2255.34
10420,1823.85,2255.34
10436,1823.85,2255.34
10451,1814.95,2255.34
10468,1806.05,2255.34
10484,1806.05,2255.34
10500,1806.05,2255.34
10516,1806.05,2255.34
10530,1806.05,2255.34
10547,1806.05,2255.34
10563,1806.05,2255.34
10579,1806.05,2255.34
10594,1806.05,2255.34
10611,1806.05,2255.34
10627,1806.05,2255.34
10643,1806.05,2255.34
10659,1806.05,2255.34
10675,1806.05,2255.34
10692,1806.05,2255.34
10708,1806.05,2255.34
10724,1806.05,2255.34
10739,1797.16,2255.34
10755,1797.16,2255.34
10771,1797.16,2255.34
10787,1788.26,2255.34
10804,1788.26,2255.34
10819,1788.26,2255.34
10835,1788.26,2255.34
10851,1788.26,2255.34
10867,1788.26,2255.34
10883,1779.36,2255.34
10899,1770.47,2255.34
10915,1770.47,2255.34
10931,1770.47,2255.34
10947,1770.47,2255.34
10962,1770.47,2255.34
10978,1770.47,2255.34
10994,1761.57,2255.34
11010,1761.57,2255.34
11027,1761.57,2255.34
11043,1761.57,2255.34
11059,1761.57,2255.34
11075,1761.57,2255.34
11092,1761.57,2255.34
11107,1752.67,2255.34
11124,1743.78,2255.34
11139,1743.78,2255.34
11156,1743.78,2255.34
11172,1743.78,2255.34
11188,1743.78,2255.34
11204,1743.78,2255.34
11220,1734.88,2255.34
11236,1734.88,2255.34
11251,1734.88,2255.34
11267,1734.88,2255.34
11283,1725.98,2264.24
11299,1725.98,2264.24
11315,1725.98,2264.24
11331,1725.98,2264.24
11347,1725.98,2264.24
11363,1717.09,2264.24
11379,1717.09,2264.24
11395,1717.09,2264.24
11411,1717.09,2264.24
11427,1708.19,2264.24
11443,1708.19,2264.24
11459,1708.19,2264.24
11475,1708.19,2264.24
11492,1708.19,2264.24
11509,1708.19,2264.24
11524,1708.19,2264.24
11540,1708.19,2264.24
11556,1699.29,2264.24
11571,1690.39,2264.24
11588,1690.39,2264.24
11603,1690.39,2264.24
11620,1690.39,2264.24
11635,1681.5,2264.24
11652,1681.5,2264.24
11668,1681.5,2264.24
11683,1681.5,2264.24
11699,1681.5,2273.14
11715,1681.5,2273.14
11731,1672.6,2273.14
11747,1672.6,2273.14
11763,1663.7,2273.14
11779,1663.7,2273.14
11795,1663.7,2273.14
11811,1654.81,2273.14
11827,1645.91,2273.14
11843,1645.91,2273.14
11860,1645.91,2273.14
11875,1645.91,2273.14
11892,1645.91,2273.14
11908,1637.01,2273.14
11923,1637.01,2273.14
11939,1628.12,2273.14
11956,1628.12,2273.14
11972,1628.12,2273.14
11988,1628.12,2273.14
12003,1628.12,2273.14
12019,1628.12,2273.14
12035,1628.12,2273.14
12052,1628.12,2273.14
12067,1628.12,2273.14
12083,1628.12,2273.14
12099,1628.12,2273.14
12115,1628.12,2273.14
12131,1628.12,2273.14
12147,1628.12,2273.14
12163,1628.12,2273.14
12179,1628.12,2273.14
12194,1628.12,2273.14
12211,1628.12,2273.14
12226,1628.12,2273.14
12243,1628.12,2273.14
12259,1628.12,2273.14
12275,1628.12,2273.14
12292,1628.12,2273.14
12308,1628.12,2273.14
12324,1628.12,2273.14
12340,1628.12,2273.14
12356,1628.12,2273.14
12372,1628.12,2273.14
12388,1628.12,2273.14
12404,1628.12,2273.14
12420,1628.12,2273.14
12435,1628.12,2273.14
12452,1628.12,2273.14
12467,1628.12,2273.14
12483,1628.12,2273.14
12499,1628.12,2273.14
12515,1628.12,2273.14
12531,1628.12,2273.14
12547,1628.12,2273.14
12563,1628.12,2273.14
12579,1628.12,2273.14
12595,1619.22,2273.14
12610,1619.22,2273.14
12626,1619.22,2273.14
12643,1619.22,2273.14
12659,1619.22,2273.14
12675,1619.22,2273.14
12692,1619.22,2273.14
12708,1619.22,2273.14
12724,1619.22,2273.14
12740,1619.22,2273.14
12755,1619.22,2273.14
12772,1619.22,2273.14
12787,1619.22,2273.14
12804,1619.22,2273.14
12820,1619.22,2273.14
12835,1619.22,2273.14
12851,1619.22,2273.14
12867,1619.22,2273.14
12883,1619.22,2273.14
12899,1619.22,2273.14
12915,1619.22,2273.14
12931,1619.22,2273.14
12947,1619.22,2273.14
12963,1619.22,2273.14
12978,1619.22,2273.14
12995,1619.22,2273.14
13011,1610.32,2282.03
13027,1610.32,2282.03
13043,1610.32,2282.03
13059,1610.32,2282.03
13075,1610.32,2282.03
13092,1610.32,2282.03
13109,1610.32,2282.03
13123,1610.32,2282.03
13139,1610.32,2282.03
13156,1610.32,2282.03
13171,1610.32,2282.03
13188,1610.32,2282.03
13204,1610.32,2282.03
13220,1610.32,2282.03
13236,1610.32,2282.03
13251,1610.32,2282.03
13268,1610.32,2282.03
13283,1601.43,2282.03
13299,1601.43,2282.03
13315,1601.43,2282.03
13331,1601.43,2282.03
13346,1601.43,2282.03
13363,1601.43,2290.93
13379,1601.43,2290.93
13394,1601.43,2290.93
13410,1601.43,2290.93
13427,1601.43,2290.93
13443,1601.43,2290.93
13459,1601.43,2290.93
13475,1601.43,2290.93
13492,1601.43,2290.93
13507,1601.43,2290.93
13523,1592.53,2290.93
13540,1592.53,2290.93
13555,1592.53,2290.93
13572,1592.53,2290.93
13588,1592.53,2290.93
13603,1592.53,2290.93
13619,1592.53,2290.93
13636,1592.53,2290.93
13652,1592.53,2290.93
13668,1592.53,2290.93
13684,1583.63,2290.93
13699,1583.63,2290.93
13716,1583.63,2290.93
13731,1583.63,2290.93
13747,1583.63,2290.93
13763,1583.63,2290.93
13779,1583.63,2290.93
13795,1583.63,2290.93
13811,1574.74,2290.93
13826,1574.74,2290.93
13842,1574.74,2290.93
13859,1574.74,2290.93
13875,1574.74,2290.93
13892,1574.74,2290.93
13909,1574.74,2290.93
13924,1565.84,2290.93
13939,1565.84,2290.93
13956,1565.84,2290.93
13971,1565.84,2290.93
13988,1565.84,2290.93
14004,1565.84,2290.93
14020,1556.94,2290.93
14036,1556.94,2290.93
14052,1548.05,2290.93
14067,1548.05,2290.93
14084,1548.05,2290.93
14099,1548.05,2290.93
14115,1548.05,2290.93
14131,1539.15,2290.93
14147,1539.15,2290.93
14163,1539.15,2290.93
14179,1530.25,2282.03
14195,1530.25,2282.03
14211,1530.25,2282.03
14226,1530.25,2282.03
14243,1521.36,2282.03
14259,1521.36,2282.03
14275,1521.36,2282.03
14292,1521.36,2282.03
14307,1521.36,2282.03
14324,1521.36,2282.03
14340,1521.36,2282.03
14356,1521.36,2282.03
14372,1521.36,2282.03
14388,1521.36,2282.03
14404,1521.36,2282.03
14420,1521.36,2282.03
14436,1521.36,2282.03
14451,1521.36,2282.03
14467,1521.36,2282.03
14483,1521.36,2282.03
14499,1521.36,2282.03
14515,1521.36,2282.03
14531,1521.36,2282.03
14546,1521.36,2282.03
14563,1521.36,2282.03
14579,1521.36,2282.03
14594,1521.36,2282.03
14611,1521.36,2282.03
14627,1521.36,2282.03
14643,1521.36,2282.03
14659,1521.36,2282.03
14675,1521.36,2282.03
14692,1512.46,2273.14
14708,1512.46,2273.14
14722,1512.46,2273.14
14739,1512.46,2273.14
14755,1512.46,2264.24
14772,1503.56,2264.24
14788,1503.56,2264.24
14804,1503.56,2255.34
14820,1503.56,2255.34
14836,1503.56,2255.34
14851,1503.56,2255.34
14867,1503.56,2246.45
14884,1503.56,2246.45
14900,1503.56,2246.45
14915,1503.56,2246.45
14931,1503.56,2246.45
14947,1503.56,2237.55
14963,1503.56,2237.55
14978,1494.66,2237.55
14995,1494.66,2237.55
15011,1494.66,2237.55
15026,1494.66,2237.55
15042,1494.66,2237.55
15060,1494.66,2237.55
15075,1494.66,2237.55
15091,1494.66,2228.65
15108,1494.66,2228.65
15124,1494.66,2228.65
15140,1494.66,2228.65
15155,1494.66,2228.65
15172,1485.77,2228.65
15188,1485.77,2228.65
15203,1485.77,2219.76
15220,1485.77,2219.76
15235,1485.77,2219.76
15251,1485.77,2219.76
15267,1485.77,2219.76
15283,1485.77,2210.86
15299,1485.77,2210.86
15316,1485.77,2210.86
15332,1485.77,2210.86
15347,1485.77,2210.86
15363,1485.77,2210.86
15378,1485.77,2210.86
15395,1476.87,2201.96
15411,1476.87,2193.06
15426,1476.87,2193.06
15443,1476.87,2193.06
15459,1476.87,2193.06
15475,1476.87,2193.06
15491,1476.87,2193.06
15507,1467.97,2184.17
15524,1467.97,2184.17
15540,1467.97,2184.17
15556,1467.97,2184.17
15570,1467.97,2184.17
15588,1467.97,2184.17
15604,1467.97,2184.17
15620,1459.08,2175.27
15636,1459.08,2175.27
15651,1459.08,2175.27
15667,1459.08,2175.27
15684,1459.08,2175.27
15699,1459.08,2175.27
15715,1459.08,2175.27
15730,1459.08,2175.27
15747,1459.08,2175.27
15763,1459.08,2175.27
15779,1459.08,2175.27
15794,1459.08,2175.27
15810,1459.08,2175.27
15826,1459.08,2175.27
15843,1459.08,2175.27
15859,1459.08,2175.27
15875,1459.08,2175.27
15892,1459.08,2175.27
15907,1459.08,2175.27
15923,1459.08,2175.27
15940,1459.08,2175.27
15955,1459.08,2175.27
15972,1459.08,2175.27
15988,1459.08,2175.27
16004,1450.18,2166.37
16019,1450.18,2166.37
16036,1450.18,2166.37
16051,1450.18,2166.37
16067,1450.18,2166.37
16083,1450.18,2166.37
16099,1450.18,2166.37
16115,1450.18,2157.48
16132,1441.28,2157.48
16147,1441.28,2157.48
16163,1441.28,2157.48
16178,1441.28,2157.48
16194,1441.28,2148.58
16210,1441.28,2148.58
16227,1441.28,2148.58
16242,1441.28,2148.58
16259,1441.28,2148.58
16275,1441.28,2139.68
16292,1441.28,2139.68
16307,1441.28,2139.68
16323,1441.28,2139.68
16339,1441.28,2139.68
16355,1441.28,2139.68
16371,1441.28,2139.68
16388,1441.28,2130.79
16403,1441.28,2130.79
16420,1441.28,2130.79
16435,1441.28,2130.79
16452,1441.28,2130.79
16468,1441.28,2121.89
16484,1441.28,2121.89
16499,1441.28,2121.89
16515,1441.28,2121.89
16531,1441.28,2121.89
16547,1441.28,2121.89
16562,1441.28,2121.89
16579,1441.28,2121.89
16595,1441.28,2121.89
16611,1441.28,2121.89
16627,1441.28,2121.89
16642,1441.28,2121.89
16659,1441.28,2121.89
16675,1441.28,2121.89
16692,1441.28,2121.89
16707,1441.28,2121.89
16723,1441.28,2121.89
16740,1441.28,2112.99
16755,1441.28,2112.99
16771,1441.28,2112.99
16788,1441.28,2112.99
16803,1441.28,2112.99
16819,1441.28,2112.99
16835,1441.28,2112.99
16851,1441.28,2112.99
16867,1432.39,2104.1
16883,1432.39,2104.1
16900,1432.39,2104.1
16915,1432.39,2104.1
16931,1432.39,2104.1
16947,1432.39,2104.1
16963,1432.39,2104.1
16978,1432.39,2104.1
16995,1432.39,2104.1
17011,1432.39,2104.1
17026,1432.39,2104.1
17043,1432.39,2104.1
17059,1432.39,2104.1
17075,1432.39,2104.1
17092,1432.39,2104.1
17108,1432.39,2104.1
17124,1432.39,2104.1
17140,1432.39,2104.1
17156,1432.39,2104.1
17171,1432.39,2095.2
17187,1432.39,2095.2
17204,1432.39,2095.2
17219,1432.39,2095.2
17235,1432.39,2095.2
17251,1432.39,2086.3
17268,1432.39,2086.3
17283,1432.39,2086.3
17299,1432.39,2086.3
17315,1432.39,2086.3
17330,1432.39,2086.3
17346,1432.39,2086.3
17363,1432.39,2086.3
17379,1432.39,2086.3
17395,1432.39,2086.3
17411,1432.39,2086.3
17426,1423.49,2086.3
17443,1423.49,2077.41
17459,1423.49,2077.41
17475,1423.49,2077.41
17492,1423.49,2077.41
17508,1423.49,2077.41
17524,1423.49,2077.41
17540,1423.49,2077.41
17556,1423.49,2077.41
17572,1423.49,2077.41
17588,1423.49,2077.41
17604,1423.49,2077.41
17620,1423.49,2077.41
17635,1423.49,2068.51
17651,1423.49,2068.51
17667,1423.49,2068.51
17683,1423.49,2068.51
17699,1423.49,2068.51
17715,1423.49,2068.51
17731,1423.49,2068.51
17747,1423.49,2059.61
17763,1423.49,2059.61
17778,1423.49,2059.61
17795,1423.49,2059.61
17811,1414.59,2059.61
17826,1414.59,2059.61
17843,1414.59,2059.61
17859,1414.59,2059.61
17875,1414.59,2059.61
17892,1414.59,2059.61
17907,1414.59,2059.61
17924,1414.59,2059.61
17940,1414.59,2050.72
17956,1414.59,2050.72
17971,1414.59,2050.72
17988,1414.59,2050.72
18003,1414.59,2050.72
18020,1414.59,2041.82
18036,1414.59,2041.82
18051,1414.59,2041.82
18067,1414.59,2041.82
18083,1414.59,2041.82
18099,1414.59,2041.82
18115,1414.59,2041.82
18132,1414.59,2041.82
18147,1414.59,2041.82
18162,1414.59,2041.82
18179,1414.59,2041.82
18195,1414.59,2041.82
18210,1414.59,2032.92
18227,1414.59,2032.92
18243,1414.59,2032.92
18259,1414.59,2032.92
18275,1414.59,2032.92
18292,1414.59,2032.92
18309,1414.59,2032.92
18324,1414.59,2032.92
18340,1414.59,2032.92
18356,1414.59,2032.92
18372,1414.59,2032.92
18387,1414.59,2032.92
18404,1414.59,2032.92
18420,1414.59,2032.92
18436,1414.59,2032.92
18451,1414.59,2032.92
18467,1414.59,2032.92
18483,1414.59,2032.92
18499,1414.59,2032.92
18516,1414.59,2032.92
18531,1414.59,2032.92
18547,1414.59,2032.92
18563,1414.59,2032.92
18578,1414.59,2032.92
18595,1414.59,2032.92
18610,1414.59,2032.92
18626,1414.59,2032.92
18642,1414.59,2032.92
18659,1414.59,2032.92
18675,1414.59,2032.92
18692,1414.59,2032.92
18708,1414.59,2032.92
18724,1414.59,2032.92
18740,1414.59,2032.92
18756,1414.59,2032.92
18772,1414.59,2032.92
18788,1414.59,2032.92
18804,1414.59,2032.92
18819,1414.59,2032.92
18834,1414.59,2032.92
18852,1414.59,2032.92
18867,1414.59,2032.92
18883,1414.59,2032.92
18899,1414.59,2032.92
18915,1414.59,2032.92
18931,1414.59,2032.92
18947,1414.59,2032.92
18963,1414.59,2032.92
18978,1414.59,2032.92
18994,1414.59,2032.92
19011,1414.59,2032.92
19026,1414.59,2032.92
19042,1414.59,2032.92
19059,1414.59,2032.92
19075,1414.59,2032.92
19092,1414.59,2032.92
19108,1414.59,2032.92
19124,1414.59,2032.92
19140,1414.59,2032.92
19156,1414.59,2032.92
19171,1414.59,2032.92
19188,1414.59,2032.92
19204,1414.59,2032.92
19220,1414.59,2032.92
19235,1414.59,2032.92
19252,1414.59,2032.92
19267,1414.59,2032.92
19284,1414.59,2032.92
19300,1414.59,2032.92
19315,1414.59,2032.92
19332,1414.59,2032.92
19347,1414.59,2032.92
19363,1414.59,2032.92
19378,1414.59,2032.92
19394,1414.59,2032.92
19411,1414.59,2032.92
19427,1414.59,2032.92
19443,1414.59,2032.92
19459,1414.59,2032.92
19475,1414.59,2032.92
19492,1414.59,2032.92
19508,1414.59,2032.92
19524,1414.59,2032.92
19540,1414.59,2032.92
19555,1414.59,2032.92
19571,1414.59,2032.92
19587,1414.59,2032.92
19604,1414.59,2032.92
19620,1414.59,2032.92
19636,1414.59,2032.92
19652,1414.59,2032.92
19667,1414.59,2032.92
19683,1414.59,2032.92
19699,1414.59,2032.92
19716,1414.59,2032.92
19731,1414.59,2032.92
19748,1414.59,2032.92
19763,1414.59,2032.92
19779,1414.59,2032.92
19795,1414.59,2032.92
19811,1414.59,2032.92
19827,1414.59,2032.92
19842,1414.59,2032.92
19858,1414.59,2032.92
19875,1414.59,2032.92
19891,1414.59,2032.92
19908,1414.59,2032.92
19924,1414.59,2032.92
19939,1414.59,2032.92
19956,1414.59,2032.92
19971,1414.59,2032.92
19988,1414.59,2032.92
20004,1414.59,2032.92
20019,1414.59,2032.92
20036,1414.59,2032.92
20052,1414.59,2032.92
20067,1414.59,2032.92
20083,1414.59,2032.92
20099,1414.59,2032.92
20115,1414.59,2032.92
20131,1414.59,2032.92
20147,1414.59,2032.92
20162,1414.59,2032.92
20179,1414.59,2032.92
20195,1414.59,2032.92
20210,1414.59,2032.92
20226,1414.59,2032.92
20243,1414.59,2032.92
20259,1414.59,2032.92
20276,1414.59,2032.92
20292,1414.59,2032.92
20308,1414.59,2032.92
20324,1414.59,2032.92
20340,1414.59,2032.92
20356,1414.59,2032.92
20372,1414.59,2032.92
20388,1414.59,2032.92
20404,1414.59,2032.92
20420,1414.59,2032.92
20436,1414.59,2032.92
20451,1414.59,2032.92
20468,1414.59,2032.92
20484,1414.59,2032.92
20499,1414.59,2032.92
20515,1414.59,2032.92
20531,1414.59,2032.92
20547,1414.59,2032.92
20563,1414.59,2032.92
20578,1414.59,2032.92
20595,1414.59,2032.92
20611,1414.59,2032.92
20626,1414.59,2032.92
20643,1414.59,2032.92
20659,1414.59,2032.92
20675,1414.59,2032.92
20692,1414.59,2032.92
20709,1414.59,2032.92
20724,1414.59,2032.92
20740,1414.59,2032.92
20755,1414.59,2032.92
20771,1414.59,2032.92
20788,1414.59,2032.92
20804,1414.59,2032.92
20820,1414.59,2032.92
20835,1414.59,2032.92
20852,1414.59,2032.92
20868,1414.59,2032.92
20883,1414.59,2032.92
20899,1414.59,2032.92
20915,1414.59,2032.92
20931,1414.59,2032.92
20946,1414.59,2032.92
20963,1414.59,2032.92
20978,1414.59,2032.92
20994,1414.59,2032.92
21011,1414.59,2032.92
21026,1414.59,2032.92
21042,1414.59,2032.92
21059,1414.59,2032.92
21075,1414.59,2032.92
21091,1414.59,2032.92
21108,1414.59,2032.92
21124,1414.59,2032.92
21140,1414.59,2032.92
21156,1414.59,2032.92
21172,1414.59,2032.92
21188,1414.59,2032.92
21204,1414.59,2032.92
21220,1414.59,2032.92
21235,1414.59,2032.92
21252,1414.59,2032.92
21268,1414.59,2032.92
21283,1414.59,2032.92
21299,1414.59,2032.92
21315,1414.59,2032.92
21331,1414.59,2032.92
21347,1414.59,2032.92
21363,1414.59,2032.92
21379,1414.59,2032.92
21394,1414.59,2032.92
21410,1414.59,2032.92
21427,1414.59,2032.92
21443,1414.59,2032.92
21459,1414.59,2032.92
21475,1414.59,2032.92
21492,1414.59,2032.92
21509,1414.59,2032.92
21524,1414.59,2032.92
21540,1414.59,2032.92
21556,1414.59,2032.92
21572,1414.59,2032.92
21588,1414.59,2032.92
21604,1414.59,2032.92
21620,1414.59,2032.92
21636,1414.59,2032.92
21652,1414.59,2032.92
21668,1414.59,2032.92
21684,1414.59,2032.92
21699,1414.59,2032.92
21715,1414.59,2032.92
21731,1414.59,2032.92
21747,1414.59,2032.92
21763,1414.59,2032.92
21779,1414.59,2032.92
21795,1414.59,2032.92
21810,1414.59,2032.92
21826,1414.59,2032.92
21843,1414.59,2032.92
21859,1414.59,2032.92
21876,1414.59,2032.92
21891,1414.59,2032.92
21907,1414.59,2032.92
21923,1414.59,2032.92
21940,1414.59,2032.92
21956,1414.59,2032.92
21971,1414.59,2032.92
21987,1414.59,2032.92
22004,1414.59,2032.92
22020,1414.59,2032.92
22036,1414.59,2032.92
22051,1414.59,2032.92
22067,1414.59,2032.92
22083,1414.59,2032.92
22099,1414.59,2032.92
22115,1414.59,2032.92
22131,1414.59,2032.92
22147,1414.59,2032.92
22163,1414.59,2032.92
22180,1414.59,2032.92
22195,1414.59,2032.92
22211,1414.59,2032.92
22227,1414.59,2032.92
22243,1414.59,2032.92
22259,1414.59,2032.92
22275,1414.59,2032.92
22292,1414.59,2032.92
22308,1414.59,2032.92
22324,1414.59,2032.92
22339,1414.59,2032.92
22355,1414.59,2032.92
22372,1414.59,2032.92
22388,1414.59,2032.92
22404,1414.59,2032.92
22420,1414.59,2032.92
22435,1414.59,2032.92
22452,1414.59,2032.92
22467,1414.59,2032.92
22482,1414.59,2032.92
22499,1414.59,2032.92
22515,1414.59,2032.92
22531,1414.59,2032.92
22547,1414.59,2032.92
22563,1414.59,2032.92
22579,1414.59,2032.92
22595,1414.59,2032.92
22611,1414.59,2032.92
22626,1414.59,2032.92
22643,1414.59,2032.92
22659,1414.59,2032.92
22675,1414.59,2032.92
22691,1414.59,2032.92
22707,1414.59,2032.92
22723,1414.59,2032.92
22740,1414.59,2032.92
22755,1414.59,2032.92
22772,1414.59,2032.92
22788,1414.59,2032.92
22804,1414.59,2032.92
22820,1414.59,2032.92
22836,1414.59,2032.92
22852,1414.59,2032.92
22868,1414.59,2032.92
22883,1414.59,2032.92
22899,1414.59,2032.92
22915,1414.59,2032.92
22930,1414.59,2032.92
22947,1414.59,2032.92
22963,1414.59,2032.92
22978,1414.59,2032.92
22995,1414.59,2032.92
23011,1414.59,2032.92
23027,1414.59,2032.92
23043,1414.59,2032.92
23059,1414.59,2032.92
23075,1414.59,2032.92
23092,1414.59,2032.92
23108,1414.59,2032.92
23124,1414.59,2032.92
23140,1414.59,2032.92
23155,1414.59,2032.92
23171,1414.59,2032.92
23188,1414.59,2032.92
23203,1414.59,2032.92
23219,1414.59,2032.92
23236,1414.59,2032.92
23251,1414.59,2032.92
23267,1414.59,2032.92
23284,1414.59,2032.92
23299,1414.59,2032.92
23315,1414.59,2032.92
23331,1414.59,2032.92
23347,1414.59,2032.92
23363,1414.59,2032.92
23378,1414.59,2032.92
23395,1414.59,2032.92
23410,1414.59,2032.92
23427,1414.59,2032.92
23443,1414.59,2032.92
23459,1414.59,2032.92
23475,1414.59,2032.92
23492,1414.59,2032.92
23508,1414.59,2032.92
23524,1414.59,2032.92
23540,1414.59,2032.92
23556,1414.59,2032.92
23572,1414.59,2032.92
23588,1414.59,2032.92
23603,1414.59,2032.92
23620,1414.59,2032.92
23635,1414.59,2032.92
23651,1414.59,2032.92
23667,1414.59,2032.92
23684,1414.59,2032.92
23699,1414.59,2032.92
23715,1414.59,2032.92
23731,1414.59,2032.92
23747,1414.59,2032.92
23763,1414.59,2032.92
23778,1414.59,2032.92
23795,1414.59,2032.92
23811,1414.59,2032.92
23827,1414.59,2032.92
23843,1414.59,2032.92
23859,1414.59,2032.92
23875,1414.59,2032.92
23891,1414.59,2032.92
23908,1414.59,2032.92
23924,1414.59,2032.92
23940,1414.59,2032.92
23956,1414.59,2032.92
23972,1414.59,2032.92
23987,1414.59,2032.92
24004,1414.59,2032.92
24020,1414.59,2032.92
24036,1414.59,2032.92
24052,1414.59,2032.92
24068,1414.59,2032.92
24083,1414.59,2032.92
24099,1414.59,2032.92
24114,1414.59,2032.92
24131,1414.59,2032.92
24146,1414.59,2032.92
24163,1414.59,2032.92
24179,1414.59,2032.92
24194,1414.59,2032.92
24211,1414.59,2032.92
24227,1414.59,2032.92
24243,1414.59,2032.92
24259,1414.59,2032.92
24275,1414.59,2032.92
24291,1414.59,2032.92
24308,1414.59,2032.92
24324,1414.59,2032.92
24340,1414.59,2032.92
24355,1414.59,2032.92
24372,1414.59,2032.92
24387,1414.59,2032.92
24404,1414.59,2032.92
24419,1414.59,2032.92
24436,1414.59,2032.92
24451,1405.7,2024.03
24467,1405.7,2024.03
24483,1405.7,2024.03
24500,1405.7,2024.03
24515,1405.7,2024.03
24531,1405.7,2024.03
24547,1405.7,2024.03
24562,1405.7,2024.03
24578,1405.7,2024.03
24595,1405.7,2024.03
24611,1405.7,2024.03
24626,1405.7,2024.03
24642,1405.7,2024.03
24659,1405.7,2024.03
24675,1405.7,2024.03
24691,1405.7,2024.03
24708,1405.7,2024.03
24724,1405.7,2024.03
24739,1405.7,2024.03
24756,1405.7,2015.13
24771,1405.7,2015.13
24788,1405.7,2015.13
24804,1405.7,2015.13
24820,1405.7,2015.13
24835,1405.7,2015.13
24851,1405.7,2015.13
24867,1405.7,2006.23
24884,1405.7,2006.23
24899,1405.7,2006.23
24916,1405.7,2006.23
24931,1405.7,2006.23
24947,1405.7,2006.23
24963,1405.7,2006.23
24979,1405.7,2006.23
24995,1405.7,2006.23
25011,1405.7,2006.23
25027,1405.7,2006.23
25043,1405.7,2006.23
25059,1405.7,2006.23
25076,1405.7,2006.23
25091,1405.7,2006.23
25108,1405.7,2006.23
25124,1405.7,2006.23
25140,1405.7,2006.23
25155,1405.7,1997.33
25171,1405.7,1997.33
25187,1405.7,1997.33
25204,1405.7,1997.33
25219,1405.7,1997.33
25236,1405.7,1997.33
25252,1405.7,1997.33
25267,1405.7,1997.33
25283,1405.7,1997.33
25300,1405.7,1997.33
25315,1405.7,1997.33
25331,1405.7,1997.33
25346,1405.7,1997.33
25363,1405.7,1997.33
25379,1405.7,1997.33
25395,1405.7,1997.33
25411,1396.8,1988.44
25427,1396.8,1988.44
25443,1396.8,1988.44
25458,1396.8,1988.44
25475,1396.8,1988.44
25492,1396.8,1988.44
25508,1396.8,1988.44
25523,1396.8,1988.44
25539,1396.8,1988.44
25556,1396.8,1988.44
25572,1396.8,1988.44
25587,1396.8,1988.44
25604,1396.8,1988.44
25619,1396.8,1988.44
25636,1396.8,1979.54
25651,1396.8,1979.54
25667,1396.8,1979.54
25683,1396.8,1970.64
25699,1396.8,1970.64
25715,1396.8,1970.64
25731,1396.8,1970.64
25747,1396.8,1970.64
25763,1396.8,1961.75
25779,1396.8,1961.75
25795,1396.8,1961.75
25811,1396.8,1961.75
25827,1396.8,1961.75
25843,1396.8,1961.75
25859,1396.8,1952.85
25875,1396.8,1952.85
25892,1396.8,1952.85
25908,1396.8,1952.85
25924,1396.8,1952.85
25940,1396.8,1952.85
25956,1396.8,1952.85
25971,1396.8,1952.85
25988,1396.8,1952.85
26003,1396.8,1952.85
26020,1396.8,1952.85
26036,1396.8,1952.85
26052,1396.8,1943.95
26067,1396.8,1943.95
26084,1396.8,1943.95
26099,1396.8,1943.95
26115,1396.8,1943.95
26131,1396.8,1943.95
26147,1396.8,1943.95
26162,1396.8,1943.95
26179,1396.8,1943.95
26195,1396.8,1943.95
26211,1396.8,1943.95
26226,1396.8,1943.95
26243,1396.8,1943.95
26259,1396.8,1943.95
26275,1396.8,1943.95
26291,1396.8,1943.95
26308,1396.8,1943.95
26324,1396.8,1943.95
26340,1396.8,1943.95
26355,1396.8,1943.95
26371,1396.8,1935.06
26388,1396.8,1935.06
26403,1396.8,1935.06
26419,1396.8,1935.06
26436,1396.8,1935.06
26451,1396.8,1926.16
26467,1396.8,1926.16
26484,1396.8,1926.16
26499,1405.7,1926.16
26515,1405.7,1926.16
26531,1405.7,1926.16
26547,1405.7,1926.16
26563,1405.7,1917.26
26579,1405.7,1917.26
26594,1405.7,1917.26
26610,1405.7,1917.26
26626,1405.7,1917.26
26643,1405.7,1917.26
26659,1405.7,1917.26
26675,1405.7,1917.26
26692,1405.7,1917.26
26708,1405.7,1917.26
26723,1405.7,1917.26
26739,1405.7,1917.26
26756,1405.7,1917.26
26772,1405.7,1917.26
26787,1405.7,1908.37
26804,1405.7,1908.37
26820,1405.7,1908.37
26835,1405.7,1908.37
26852,1405.7,1908.37
26867,1405.7,1908.37
26883,1405.7,1908.37
26899,1405.7,1908.37
26915,1405.7,1908.37
26931,1405.7,1908.37
26947,1405.7,1908.37
26963,1405.7,1908.37
26979,1405.7,1899.47
26994,1405.7,1899.47
27011,1405.7,1899.47
27026,1405.7,1899.47
27042,1405.7,1899.47
27059,1405.7,1899.47
27075,1405.7,1899.47
27092,1405.7,1899.47
27107,1405.7,1899.47
27124,1405.7,1899.47
27140,1405.7,1899.47
27155,1405.7,1890.57
27172,1405.7,1890.57
27187,1405.7,1890.57
27204,1396.8,1890.57
27220,1396.8,1890.57
27236,1396.8,1890.57
27251,1396.8,1890.57
27267,1396.8,1890.57
27283,1396.8,1881.68
27299,1396.8,1881.68
27315,1396.8,1872.78
27331,1396.8,1872.78
27346,1396.8,1872.78
27363,1396.8,1872.78
27378,1396.8,1872.78
27395,1396.8,1872.78
27411,1396.8,1872.78
27426,1396.8,1872.78
27443,1396.8,1872.78
27459,1396.8,1872.78
27476,1396.8,1863.88
27492,1396.8,1863.88
27508,1396.8,1863.88
27524,1396.8,1863.88
27540,1396.8,1854.99
27556,1396.8,1846.09
27572,1396.8,1846.09
27588,1396.8,1846.09
27603,1396.8,1846.09
27619,1396.8,1846.09
27635,1396.8,1837.19
27652,1396.8,1837.19
27667,1396.8,1837.19
27683,1396.8,1837.19
27699,1396.8,1837.19
27715,1396.8,1828.3
27732,1396.8,1828.3
27747,1396.8,1828.3
27762,1396.8,1828.3
27779,1396.8,1828.3
27794,1396.8,1819.4
27811,1396.8,1819.4
27826,1396.8,1819.4
27843,1396.8,1819.4
27859,1396.8,1819.4
27875,1396.8,1819.4
27892,1396.8,1810.5
27908,1396.8,1810.5
27923,1396.8,1810.5
27939,1396.8,1810.5
27955,1396.8,1801.6
27972,1396.8,1801.6
27988,1396.8,1792.71
28003,1396.8,1792.71
28019,1396.8,1792.71
28036,1396.8,1783.81
28052,1396.8,1783.81
28068,1396.8,1783.81
28083,1396.8,1783.81
28099,1396.8,1783.81
28115,1396.8,1783.81
28131,1396.8,1774.91
28146,1396.8,1774.91
28163,1396.8,1774.91
28179,1396.8,1774.91
28195,1396.8,1774.91
28211,1396.8,1766.02
28227,1396.8,1766.02
28242,1396.8,1766.02
28259,1396.8,1766.02
28275,1396.8,1766.02
28292,1396.8,1757.12
28309,1396.8,1757.12
28325,1396.8,1757.12
28339,1396.8,1748.22
28356,1396.8,1748.22
28372,1396.8,1748.22
28387,1396.8,1748.22
28403,1396.8,1748.22
28420,1396.8,1748.22
28435,1396.8,1739.33
28452,1396.8,1730.43
28467,1396.8,1730.43
28484,1396.8,1730.43
28499,1396.8,1730.43
28515,1405.7,1730.43
28531,1405.7,1721.53
28547,1405.7,1721.53
28563,1405.7,1721.53
28579,1405.7,1721.53
28595,1405.7,1721.53
28610,1405.7,1721.53
28626,1405.7,1712.64
28643,1405.7,1712.64
28659,1405.7,1712.64
28676,1405.7,1712.64
28692,1405.7,1712.64
28707,1405.7,1712.64
28724,1405.7,1703.74
28740,1405.7,1703.74
28756,1405.7,1703.74
28771,1405.7,1703.74
28788,1405.7,1694.84
28803,1405.7,1694.84
28820,1405.7,1694.84
28835,1405.7,1694.84
28851,1405.7,1694.84
28867,1405.7,1685.95
28883,1405.7,1685.95
28899,1405.7,1685.95
28915,1405.7,1685.95
28931,1405.7,1685.95
28946,1405.7,1685.95
28963,1405.7,1685.95
28979,1405.7,1685.95
28995,1405.7,1685.95
29011,1405.7,1677.05
29027,1405.7,1677.05
29043,1405.7,1677.05
29059,1405.7,1677.05
29075,1405.7,1677.05
29092,1405.7,1677.05
29108,1405.7,1677.05
29123,1396.8,1677.05
29139,1396.8,1668.15
29156,1396.8,1659.26
29172,1396.8,1659.26
29187,1396.8,1659.26
29204,1396.8,1659.26
29220,1396.8,1659.26
29236,1396.8,1659.26
29251,1396.8,1659.26
29267,1396.8,1659.26
29284,1396.8,1659.26
29299,1396.8,1659.26
29315,1396.8,1659.26
29331,1396.8,1650.36
29346,1396.8,1650.36
29363,1396.8,1650.36
29379,1396.8,1650.36
29394,1396.8,1641.46
29410,1396.8,1641.46
29427,1396.8,1641.46
29443,1396.8,1641.46
29459,1396.8,1641.46
29475,1396.8,1641.46
29492,1396.8,1641.46
29509,1396.8,1641.46
29524,1396.8,1641.46
29540,1396.8,1641.46
29556,1396.8,1641.46
29572,1396.8,1641.46
29588,1396.8,1641.46
29603,1396.8,1641.46
29620,1396.8,1641.46
29635,1387.9,1632.57
29652,1387.9,1632.57
29667,1387.9,1632.57
29683,1387.9,1632.57
29699,1387.9,1632.57
29715,1387.9,1632.57
29730,1387.9,1632.57
29747,1387.9,1632.57
29763,1387.9,1632.57
29778,1387.9,1632.57
29795,1387.9,1632.57
29811,1387.9,1632.57
29826,1387.9,1623.67
29843,1387.9,1623.67
29859,1387.9,1623.67
29875,1387.9,1623.67
29891,1387.9,1614.77
29908,1387.9,1614.77
29924,1387.9,1614.77
29940,1387.9,1614.77
29956,1387.9,1614.77
29971,1387.9,1614.77
29988,1387.9,1614.77
30004,1387.9,1605.87
30020,1387.9,1605.87
30035,1387.9,1605.87
30052,1387.9,1605.87
30067,1387.9,1605.87
30084,1387.9,1605.87
30099,1387.9,1605.87
30115,1387.9,1605.87
30131,1387.9,1605.87
30146,1387.9,1605.87
30162,1387.9,1605.87
30179,1387.9,1596.98
30195,1387.9,1596.98
30210,1387.9,1596.98
30227,1379.01,1596.98
30243,1379.01,1596.98
30259,1379.01,1588.08
30276,1379.01,1588.08
30291,1379.01,1588.08
30307,1379.01,1588.08
30324,1379.01,1588.08
30339,1379.01,1579.18
30355,1379.01,1579.18
30371,1379.01,1579.18
30388,1379.01,1579.18
30403,1379.01,1579.18
30420,1379.01,1570.29
30436,1379.01,1570.29
30452,1379.01,1570.29
30468,1379.01,1570.29
30483,1379.01,1570.29
30499,1379.01,1570.29
30515,1379.01,1561.39
30531,1379.01,1561.39
30546,1379.01,1561.39
30563,1379.01,1561.39
30579,1379.01,1561.39
30595,1379.01,1561.39
30611,1379.01,1561.39
30626,1379.01,1561.39
30643,1379.01,1561.39
30659,1379.01,1561.39
30675,1379.01,1561.39
30692,1379.01,1561.39
30708,1379.01,1561.39
30724,1379.01,1561.39
30740,1379.01,1561.39
30756,1379.01,1561.39
30772,1379.01,1561.39
30788,1379.01,1561.39
30804,1379.01,1561.39
30820,1379.01,1561.39
30835,1379.01,1561.39
30851,1379.01,1561.39
30868,1379.01,1561.39
30884,1379.01,1561.39
30899,1379.01,1561.39
30915,1379.01,1561.39
30931,1379.01,1561.39
30947,1379.01,1561.39
30963,1370.11,1561.39
30979,1370.11,1561.39
30995,1370.11,1561.39
31010,1361.21,1561.39
31027,1361.21,1561.39
31042,1361.21,1561.39
31059,1361.21,1561.39
31075,1352.32,1561.39
31091,1352.32,1561.39
31107,1343.42,1561.39
31124,1343.42,1570.29
31140,1343.42,1570.29
31156,1343.42,1570.29
31172,1334.52,1570.29
31187,1334.52,1570.29
31204,1334.52,1570.29
31220,1334.52,1570.29
31235,1334.52,1570.29
31252,1334.52,1570.29
31267,1334.52,1570.29
31283,1334.52,1570.29
31299,1334.52,1579.18
31315,1334.52,1579.18
31331,1325.63,1579.18
31347,1325.63,1579.18
31363,1325.63,1579.18
31378,1325.63,1579.18
31395,1325.63,1579.18
31410,1325.63,1579.18
31426,1325.63,1579.18
31443,1325.63,1579.18
31459,1325.63,1579.18
31476,1325.63,1579.18
31492,1325.63,1579.18
31507,1325.63,1579.18
31525,1325.63,1579.18
31540,1316.73,1579.18
31556,1316.73,1579.18
31572,1316.73,1579.18
31588,1316.73,1579.18
31604,1316.73,1579.18
31620,1316.73,1579.18
31635,1316.73,1579.18
31651,1316.73,1579.18
31667,1316.73,1579.18
31684,1316.73,1579.18
31699,1316.73,1579.18
31715,1307.83,1579.18
31732,1307.83,1579.18
31747,1307.83,1579.18
31763,1307.83,1579.18
31779,1307.83,1579.18
31795,1307.83,1579.18
31810,1298.93,1579.18
31826,1298.93,1579.18
31842,1298.93,1579.18
31859,1298.93,1579.18
31875,1298.93,1579.18
31892,1298.93,1579.18
31907,1290.04,1579.18
31923,1290.04,1579.18
31940,1290.04,1579.18
31955,1290.04,1579.18
31971,1290.04,1579.18
31988,1290.04,1579.18
32003,1290.04,1579.18
32019,1290.04,1579.18
32035,1290.04,1579.18
32051,1290.04,1579.18
32067,1290.04,1579.18
32083,1290.04,1579.18
32099,1290.04,1579.18
32115,1290.04,1579.18
32131,1290.04,1579.18
32147,1290.04,1579.18
32163,1290.04,1579.18
32179,1290.04,1579.18
32195,1290.04,1579.18
32211,1290.04,1579.18
32227,1290.04,1579.18
32243,1290.04,1579.18
32259,1290.04,1579.18
32275,1290.04,1579.18
32291,1290.04,1579.18
32308,1290.04,1579.18
32324,1290.04,1579.18
32339,1290.04,1579.18
32356,1290.04,1579.18
32371,1290.04,1579.18
32387,1290.04,1579.18
32404,1281.14,1579.18
32420,1281.14,1579.18
32435,1281.14,1579.18
32451,1281.14,1579.18
32467,1281.14,1579.18
32483,1281.14,1579.18
32499,1281.14,1579.18
32515,1281.14,1579.18
32531,1281.14,1579.18
32547,1281.14,1579.18
32563,1281.14,1579.18
32578,1281.14,1579.18
32594,1281.14,1579.18
32611,1281.14,1579.18
32626,1281.14,1579.18
32643,1281.14,1579.18
32658,1281.14,1579.18
32675,1281.14,1579.18
32692,1281.14,1579.18
32708,1281.14,1579.18
32723,1281.14,1579.18
32740,1281.14,1579.18
32756,1281.14,1579.18
32772,1281.14,1579.18
32787,1281.14,1579.18
32804,1281.14,1579.18
32819,1281.14,1579.18
32835,1281.14,1579.18
32852,1281.14,1579.18
32868,1281.14,1579.18
32884,1281.14,1579.18
32900,1281.14,1579.18
32914,1281.14,1579.18
32930,1272.24,1579.18
32947,1272.24,1579.18
32962,1272.24,1579.18
32979,1272.24,1579.18
32995,1272.24,1579.18
33011,1272.24,1579.18
33027,1272.24,1579.18
33043,1272.24,1579.18
33059,1272.24,1579.18
33075,1272.24,1579.18
33092,1272.24,1579.18
33109,1272.24,1579.18
33124,1272.24,1579.18
33139,1272.24,1579.18
33156,1272.24,1579.18
33171,1272.24,1579.18
33187,1263.35,1579.18
33203,1263.35,1579.18
33220,1254.45,1579.18
33236,1254.45,1579.18
33251,1254.45,1579.18
33268,1254.45,1579.18
33283,1254.45,1579.18
33299,1254.45,1579.18
33315,1254.45,1579.18
33330,1245.55,1579.18
33347,1245.55,1579.18
33364,1236.66,1579.18
33379,1236.66,1579.18
33395,1236.66,1579.18
33411,1236.66,1579.18
33426,1236.66,1579.18
33442,1227.76,1579.18
33459,1227.76,1579.18
33475,1218.86,1579.18
33492,1218.86,1579.18
33508,1218.86,1579.18
33524,1218.86,1579.18
33540,1218.86,1579.18
33555,1218.86,1579.18
33572,1218.86,1579.18
33587,1218.86,1579.18
33603,1218.86,1579.18
33620,1218.86,1579.18
33636,1218.86,1579.18
33651,1218.86,1579.18
33667,1209.97,1579.18
33683,1209.97,1579.18
33700,1209.97,1579.18
33715,1209.97,1579.18
33732,1201.07,1579.18
33747,1201.07,1570.29
33763,1192.17,1570.29
33779,1192.17,1570.29
33794,1192.17,1570.29
33811,1183.28,1570.29
33827,1183.28,1570.29
33842,1183.28,1570.29
33858,1183.28,1570.29
33875,1183.28,1570.29
33891,1183.28,1570.29
33908,1174.38,1570.29
33924,1174.38,1570.29
33939,1174.38,1570.29
33956,1174.38,1570.29
33972,1174.38,1570.29
33988,1174.38,1570.29
34004,1174.38,1570.29
34019,1174.38,1570.29
34035,1174.38,1570.29
34051,1174.38,1570.29
34067,1174.38,1570.29
34083,1174.38,1570.29
34099,1165.48,1570.29
34115,1165.48,1570.29
34131,1165.48,1570.29
34147,1165.48,1570.29
34163,1156.59,1570.29
34179,1156.59,1570.29
34195,1156.59,1570.29
34211,1156.59,1570.29
34226,1156.59,1570.29
34243,1147.69,1570.29
34260,1147.69,1570.29
34275,1147.69,1570.29
34292,1138.79,1570.29
34308,1138.79,1570.29
34324,1138.79,1570.29
34339,1138.79,1570.29
34356,1138.79,1570.29
34371,1129.9,1570.29
34388,1121,1570.29
34404,1112.1,1570.29
34419,1112.1,1579.18
34436,1103.2,1579.18
34452,1103.2,1579.18
34467,1094.31,1579.18
34483,1094.31,1579.18
34500,1094.31,1579.18
34515,1094.31,1579.18
34531,1085.41,1579.18
34547,1085.41,1579.18
34563,1085.41,1579.18
34579,1085.41,1579.18
34595,1067.62,1579.18
34610,1067.62,1579.18
34626,1067.62,1579.18
34643,1058.72,1579.18
34659,1058.72,1579.18
34675,1058.72,1579.18
34692,1058.72,1579.18
34706,1058.72,1579.18
34724,1058.72,1588.08
34739,1058.72,1588.08
34756,1058.72,1588.08
34772,1049.82,1588.08
34788,1049.82,1588.08
34804,1049.82,1588.08
34820,1049.82,1588.08
34835,1040.93,1588.08
34851,1040.93,1588.08
34867,1040.93,1588.08
34883,1040.93,1588.08
34900,1040.93,1588.08
34915,1040.93,1588.08
34931,1040.93,1588.08
34947,1040.93,1588.08
34963,1040.93,1588.08
34979,1040.93,1588.08
34995,1040.93,1588.08
35011,1040.93,1588.08
35027,1032.03,1588.08
35043,1032.03,1588.08
35059,1032.03,1588.08
35076,1032.03,1596.98
35092,1032.03,1596.98
35107,1023.13,1596.98
35123,1023.13,1596.98
35140,1023.13,1596.98
35155,1023.13,1596.98
35171,1023.13,1596.98
35188,1023.13,1596.98
35204,1014.24,1596.98
35220,1014.24,1596.98
35235,1005.34,1596.98
35252,1005.34,1596.98
35268,1005.34,1596.98
35282,1005.34,1596.98
35299,1005.34,1605.87
35315,996.44,1605.87
35331,996.44,1605.87
35347,996.44,1605.87
35363,996.44,1605.87
35379,996.44,1605.87
35395,996.44,1605.87
35411,987.55,1605.87
35426,987.55,1605.87
35443,987.55,1605.87
35459,987.55,1605.87
35475,987.55,1605.87
35491,987.55,1605.87
35508,978.65,1605.87
35524,978.65,1605.87
35539,978.65,1605.87
35556,969.75,1605.87
35572,969.75,1605.87
35588,969.75,1605.87
35604,969.75,1605.87
35620,969.75,1605.87
35636,960.86,1605.87
35652,951.96,1614.77
35667,951.96,1614.77
35683,943.06,1614.77
35699,934.17,1614.77
35715,934.17,1614.77
35731,925.27,1614.77
35747,925.27,1614.77
35762,916.37,1614.77
35778,916.37,1614.77
35795,916.37,1614.77
35811,916.37,1614.77
35826,916.37,1614.77
35843,916.37,1614.77
35858,916.37,1614.77
35875,916.37,1614.77
35891,916.37,1614.77
35907,916.37,1614.77
35923,907.48,1614.77
35940,907.48,1614.77
35956,907.48,1614.77
35971,907.48,1614.77
35988,898.58,1614.77
36004,898.58,1614.77
36020,898.58,1614.77
36035,898.58,1614.77
36051,898.58,1614.77
36068,898.58,1614.77
36084,898.58,1614.77
36099,898.58,1614.77
36116,898.58,1614.77
36131,898.58,1614.77
36147,898.58,1614.77
36163,898.58,1614.77
36179,898.58,1614.77
36195,898.58,1614.77
36210,898.58,1614.77
36227,898.58,1614.77
36243,898.58,1614.77
36259,898.58,1605.87
36275,898.58,1605.87
36291,889.68,1605.87
36308,889.68,1605.87
36324,889.68,1596.98
36340,889.68,1596.98
36355,889.68,1596.98
36371,889.68,1596.98
36388,889.68,1596.98
36403,889.68,1596.98
36420,889.68,1596.98
36435,889.68,1596.98
36452,889.68,1596.98
36467,880.78,1588.08
36484,880.78,1588.08
36499,880.78,1588.08
36515,880.78,1588.08
36531,880.78,1588.08
36547,880.78,1588.08
36562,880.78,1588.08
36578,880.78,1588.08
36595,880.78,1588.08
36611,880.78,1588.08
36626,880.78,1579.18
36643,880.78,1579.18
36659,880.78,1579.18
36675,880.78,1579.18
36692,880.78,1579.18
36708,880.78,1579.18
36724,880.78,1579.18
36739,880.78,1579.18
36756,880.78,1579.18
36772,880.78,1579.18
36788,880.78,1579.18
36803,880.78,1579.18
36820,880.78,1579.18
36836,880.78,1570.29
36852,880.78,1570.29
36867,880.78,1570.29
36883,880.78,1570.29
36899,880.78,1570.29
36915,880.78,1570.29
36931,880.78,1570.29
36946,880.78,1570.29
36963,880.78,1561.39
36978,880.78,1561.39
36995,880.78,1561.39
37011,880.78,1561.39
37027,880.78,1561.39
37043,880.78,1561.39
37059,880.78,1561.39
37075,880.78,1561.39
37092,880.78,1561.39
37108,880.78,1552.49
37124,880.78,1543.6
37140,880.78,1543.6
37155,880.78,1543.6
37172,880.78,1543.6
37188,880.78,1534.7
37203,880.78,1534.7
37219,880.78,1525.8
37236,880.78,1525.8
37252,880.78,1525.8
37267,880.78,1525.8
37283,880.78,1525.8
37299,880.78,1525.8
37315,889.68,1516.91
37331,889.68,1516.91
37347,889.68,1516.91
37363,889.68,1508.01
37378,889.68,1508.01
37395,889.68,1508.01
37411,889.68,1508.01
37427,889.68,1508.01
37443,889.68,1508.01
37459,889.68,1499.11
37476,889.68,1499.11
37492,889.68,1490.22
37508,889.68,1490.22
37524,889.68,1490.22
37539,889.68,1490.22
37556,889.68,1490.22
37572,889.68,1490.22
37588,889.68,1481.32
37603,889.68,1472.42
37619,889.68,1472.42
37635,889.68,1472.42
37652,889.68,1472.42
37667,889.68,1472.42
37683,889.68,1463.53
37699,889.68,1463.53
37716,889.68,1463.53
37730,889.68,1463.53
37747,889.68,1463.53
37763,889.68,1463.53
37779,889.68,1454.63
37794,889.68,1454.63
37810,889.68,1454.63
37826,889.68,1445.73
37843,889.68,1445.73
37859,889.68,1445.73
37875,889.68,1445.73
37892,889.68,1445.73
37908,889.68,1445.73
37924,889.68,1436.84
37940,889.68,1436.84
37956,889.68,1427.94
37971,889.68,1427.94
37987,889.68,1427.94
38004,889.68,1410.15
38019,889.68,1410.15
38036,889.68,1401.25
38052,889.68,1401.25
38067,889.68,1401.25
38084,889.68,1401.25
38099,889.68,1392.35
38115,889.68,1392.35
38130,889.68,1392.35
38146,889.68,1392.35
38164,889.68,1392.35
38179,889.68,1392.35
38195,889.68,1383.45
38211,889.68,1383.45
38227,889.68,1383.45
38243,889.68,1383.45
38259,889.68,1383.45
38275,889.68,1374.56
38291,889.68,1374.56
38309,889.68,1374.56
38324,889.68,1374.56
38339,889.68,1374.56
38355,889.68,1374.56
38372,889.68,1374.56
38387,889.68,1374.56
38404,889.68,1365.66
38419,889.68,1365.66
38435,889.68,1356.76
38452,889.68,1356.76
38467,889.68,1356.76
38483,889.68,1356.76
38499,889.68,1347.87
38515,889.68,1347.87
38531,889.68,1347.87
38547,889.68,1347.87
38563,889.68,1347.87
38579,880.78,1347.87
38595,880.78,1347.87
38610,880.78,1347.87
38626,880.78,1347.87
38643,880.78,1338.97
38660,880.78,1338.97
38675,880.78,1338.97
38691,880.78,1338.97
38708,880.78,1338.97
38724,880.78,1338.97
38740,880.78,1338.97
38756,880.78,1330.07
38771,871.89,1330.07
38788,871.89,1330.07
38804,871.89,1330.07
38819,871.89,1330.07
38836,871.89,1321.18
38852,871.89,1321.18
38866,871.89,1321.18
38884,871.89,1312.28
38899,871.89,1312.28
38915,871.89,1303.38
38931,862.99,1294.49
38947,862.99,1294.49
38963,862.99,1285.59
38979,862.99,1285.59
38995,862.99,1285.59
39011,862.99,1285.59
39026,862.99,1285.59
39042,862.99,1285.59
39059,862.99,1285.59
39075,862.99,1285.59
39092,862.99,1276.69
39108,862.99,1276.69
39125,862.99,1276.69
39140,862.99,1276.69
39156,862.99,1276.69
39171,862.99,1276.69
39188,862.99,1276.69
39204,862.99,1276.69
39220,854.09,1267.8
39235,854.09,1258.9
39252,854.09,1258.9
39267,854.09,1258.9
39284,854.09,1250
39299,854.09,1250
39315,854.09,1250
39331,854.09,1241.11
39348,854.09,1241.11
39363,854.09,1241.11
39378,854.09,1241.11
39395,854.09,1241.11
39410,854.09,1232.21
39426,854.09,1232.21
39443,854.09,1223.31
39459,854.09,1214.42
39475,854.09,1214.42
39491,854.09,1214.42
39508,854.09,1214.42
39524,854.09,1214.42
39539,854.09,1205.52
39555,854.09,1205.52
39572,854.09,1196.62
39588,854.09,1196.62
39603,854.09,1196.62
39620,854.09,1196.62
39635,854.09,1196.62
39652,854.09,1196.62
39667,854.09,1196.62
39683,854.09,1187.72
39699,854.09,1187.72
39715,854.09,1178.83
39731,854.09,1178.83
39747,854.09,1178.83
39763,854.09,1178.83
39779,854.09,1169.93
39795,854.09,1169.93
39811,854.09,1169.93
39827,854.09,1169.93
39844,854.09,1169.93
39859,854.09,1169.93
39875,854.09,1161.03
39892,854.09,1161.03
39908,854.09,1161.03
39924,854.09,1161.03
39940,854.09,1161.03
39955,854.09,1161.03
39972,854.09,1161.03
39988,854.09,1161.03
40004,854.09,1152.14
40019,854.09,1152.14
40035,854.09,1152.14
40052,854.09,1152.14
40067,854.09,1143.24
40083,854.09,1143.24
40100,854.09,1143.24
40114,854.09,1134.34
40131,854.09,1134.34
40147,854.09,1134.34
40163,854.09,1134.34
40179,854.09,1134.34
40194,854.09,1134.34
40211,854.09,1134.34
40227,854.09,1134.34
40243,854.09,1134.34
40259,854.09,1134.34
40275,854.09,1134.34
40291,854.09,1134.34
40309,854.09,1134.34
40324,854.09,1134.34
40339,854.09,1134.34
40355,854.09,1125.45
40372,854.09,1125.45
40388,854.09,1116.55
40404,854.09,1116.55
40419,854.09,1116.55
40436,854.09,1116.55
40452,854.09,1116.55
40467,854.09,1116.55
40483,854.09,1116.55
40499,854.09,1116.55
40515,854.09,1116.55
40531,854.09,1107.65
40547,854.09,1107.65
40563,854.09,1098.76
40579,854.09,1098.76
40595,854.09,1098.76
40611,854.09,1098.76
40626,854.09,1098.76
40643,854.09,1098.76
40659,854.09,1098.76
40676,854.09,1089.86
40692,854.09,1089.86
40708,854.09,1089.86
40724,854.09,1089.86
40740,854.09,1089.86
40756,854.09,1080.96
40772,854.09,1080.96
40787,854.09,1080.96
40803,854.09,1080.96
40819,854.09,1080.96
40836,862.99,1080.96
40851,862.99,1080.96
40867,862.99,1080.96
40883,862.99,1072.07
40899,862.99,1072.07
40915,862.99,1072.07
40931,862.99,1072.07
40946,862.99,1072.07
40963,862.99,1063.17
40979,862.99,1063.17
40995,862.99,1063.17
41010,862.99,1063.17
41027,862.99,1063.17
41043,862.99,1063.17
41059,862.99,1063.17
41076,862.99,1063.17
41091,862.99,1063.17
41109,862.99,1054.27
41124,854.09,1054.27
41139,854.09,1054.27
41156,854.09,1045.38
41172,854.09,1045.38
41187,854.09,1045.38
41204,854.09,1045.38
41220,854.09,1045.38
41236,854.09,1045.38
41252,854.09,1036.48
41267,854.09,1036.48
41283,854.09,1036.48
41298,854.09,1036.48
41315,854.09,1036.48
41331,845.2,1027.58
41346,845.2,1027.58
41363,845.2,1027.58
41379,845.2,1027.58
41395,845.2,1027.58
41411,845.2,1027.58
41427,845.2,1027.58
41443,845.2,1027.58
41459,845.2,1027.58
41475,845.2,1027.58
41491,845.2,1027.58
41508,845.2,1027.58
41524,845.2,1018.69
41540,845.2,1018.69
41556,845.2,1018.69
41571,845.2,1018.69
41588,845.2,1018.69
41604,845.2,1009.79
41620,845.2,1009.79
41636,845.2,1009.79
41651,845.2,1009.79
41668,845.2,1009.79
41683,845.2,1009.79
41699,845.2,1000.89
41715,845.2,1000.89
41731,845.2,1000.89
41747,845.2,1000.89
41763,845.2,1000.89
41779,845.2,1000.89
41794,845.2,1000.89
41810,845.2,1000.89
41827,845.2,1000.89
41843,845.2,1000.89
41859,845.2,1000.89
41876,845.2,991.99
41891,845.2,983.1
41908,845.2,983.1
41924,845.2,983.1
41939,845.2,983.1
41955,845.2,983.1
41972,845.2,983.1
41988,845.2,983.1
42004,845.2,974.2
42019,845.2,974.2
42035,845.2,974.2
42051,845.2,974.2
42067,845.2,974.2
42083,845.2,974.2
42100,845.2,974.2
42115,845.2,974.2
42131,845.2,974.2
42147,845.2,974.2
42163,845.2,974.2
42179,845.2,974.2
42195,845.2,974.2
42211,845.2,974.2
42227,845.2,974.2
42243,845.2,974.2
42258,845.2,974.2
42275,845.2,974.2
42292,845.2,974.2
42308,845.2,974.2
42324,845.2,974.2
42340,845.2,974.2
42356,845.2,974.2
42372,845.2,974.2
42388,845.2,974.2
42404,845.2,974.2
42420,845.2,974.2
42436,845.2,974.2
42452,845.2,974.2
42468,845.2,974.2
42483,845.2,974.2
42499,845.2,974.2
42515,845.2,974.2
42531,845.2,974.2
42547,845.2,974.2
42563,845.2,974.2
42579,845.2,974.2
42594,845.2,974.2
42610,845.2,974.2
42626,845.2,974.2
42642,845.2,974.2
42659,845.2,974.2
42676,845.2,974.2