"Time (s)","X (rad/s)","Y (rad/s)","Z (rad/s)"
5.031916662E-3,2.605569661E-1,1.747729033E-1,8.458821476E-2
1.507191666E-2,1.649928987E-1,2.431029677E-1,9.048818052E-2
2.511191666E-2,5.296433717E-2,2.469776422E-1,9.227912128E-2
3.515291667E-2,-5.762848258E-2,1.880304366E-1,8.315353096E-2
4.519291667E-2,-1.396820396E-1,1.415588707E-1,7.363265008E-2
5.523291667E-2,-1.771806777E-1,1.180926934E-1,7.358658314E-2
6.527391667E-2,-1.767868102E-1,1.363632083E-1,8.077590168E-2
7.531391666E-2,-1.494822204E-1,2.045667619E-1,9.853545576E-2
8.535391666E-2,-1.239523739E-1,1.730446666E-1,9.515734762E-2
9.539491667E-2,-1.043427140E-1,4.451598972E-2,6.476828456E-2
1.054349167E-1,-6.993918866E-2,-6.612626463E-2,2.682265081E-2
1.154749167E-1,-2.780238725E-2,-6.470386684E-2,2.012586594E-2
1.255159167E-1,2.277325466E-2,-5.712908506E-2,1.785472222E-2
1.355559167E-1,6.361415982E-2,-3.875007853E-2,1.896925457E-2
1.455959167E-1,8.939883858E-2,4.119195044E-3,1.580826938E-2
1.556369167E-1,9.540693462E-2,3.677034751E-2,1.090565696E-2
1.656769167E-1,8.916945755E-2,5.877881497E-2,8.626211435E-3
1.757169167E-1,6.766416878E-2,5.438406765E-2,-7.531753508E-4
1.857579167E-1,4.942777753E-2,2.674381807E-2,-1.355817355E-2
1.957979167E-1,3.443950787E-2,1.517584454E-2,-2.348430827E-2
2.058379167E-1,2.757906355E-2,2.445567399E-2,-3.007238917E-2
2.158789167E-1,3.383589536E-2,1.677511819E-2,-2.823640592E-2
2.259189167E-1,3.991566226E-2,2.856658399E-2,-3.000669368E-2
2.359589167E-1,4.573253915E-2,2.532951161E-2,-2.960854955E-2
2.459999167E-1,5.235430971E-2,2.706616558E-2,-2.354512550E-2
2.560399167E-1,5.993979052E-2,6.389501691E-2,-2.578724176E-2
2.660799167E-1,5.897372589E-2,1.100109443E-1,-2.394114248E-2
2.761209167E-1,4.827074707E-2,1.206936836E-1,-2.320637740E-2
2.861609167E-1,4.863550514E-2,9.773293138E-2,-2.782569453E-2
2.962009167E-1,4.869516194E-2,8.664725721E-2,-3.099032864E-2
3.062419167E-1,4.931591451E-2,5.550957844E-2,-2.421043999E-2
3.162819167E-1,5.313222483E-2,3.333343565E-2,-2.072755806E-2
3.263229167E-1,6.245981529E-2,3.865538165E-2,-1.835048571E-2
3.363629167E-1,6.679011881E-2,3.340948746E-2,-1.535496209E-2
3.464029167E-1,7.117008418E-2,5.030363053E-2,-1.867479272E-2
3.564439167E-1,6.367114931E-2,1.021282151E-1,-2.197684720E-2
3.664839167E-1,5.541608855E-2,1.501622498E-1,-2.274108119E-2
3.765239167E-1,4.087549448E-2,1.916793436E-1,-2.520104311E-2
3.865649167E-1,2.308740653E-2,2.151289582E-1,-2.503238246E-2
3.966049167E-1,4.741955083E-3,1.569098532E-1,-1.830417290E-2
4.066449167E-1,-6.332753226E-3,1.310896128E-1,-1.267338172E-2
4.166859167E-1,-1.523570064E-2,1.541035920E-1,-4.319311585E-3
4.267259167E-1,-2.731124870E-2,1.872742623E-1,-1.414297149E-3
4.367659167E-1,-3.831329942E-2,2.523970604E-1,-4.596774466E-3
4.468069167E-1,-5.202966556E-2,3.629430830E-1,-9.552422911E-3
4.568469167E-1,-6.281493604E-2,5.174987912E-1,-1.478713192E-2
4.668869167E-1,-6.243169308E-2,7.539413571E-1,-2.571771480E-2
4.769279167E-1,-4.702610523E-2,1.125192165E0,-2.897422761E-2
4.869679167E-1,-3.152281791E-2,1.598712206E0,-2.331114933E-2
4.970079167E-1,-5.330895074E-3,2.067204714E0,-2.628803067E-2
5.070489167E-1,1.122870250E-3,2.453897238E0,-4.034543410E-2
5.170889167E-1,-8.350260556E-3,2.693987846E0,-8.513207734E-2
5.271289167E-1,-3.423487395E-2,2.792145491E0,-1.744470894E-1
5.371699167E-1,-1.011041850E-1,2.804503441E0,-2.793279588E-1
5.472099167E-1,-1.711810678E-1,2.703814983E0,-3.799590766E-1
5.572499167E-1,-1.308871657E-1,2.402075291E0,-4.226567149E-1
5.672909167E-1,-1.057216004E-1,2.179915667E0,-4.170616269E-1
5.773309167E-1,-6.772547960E-2,1.945650935E0,-3.239652514E-1
5.873709167E-1,-7.477888465E-2,1.751678824E0,-2.007565349E-1
5.974119167E-1,-2.744306438E-2,1.499420762E0,-1.206867397E-1
6.074519167E-1,2.677243575E-2,1.121919394E0,-2.850499563E-2
6.174919167E-1,-2.034207992E-2,7.082098722E-1,8.035943657E-2
6.275329167E-1,-1.050491482E-1,2.337164432E-1,1.826331764E-1
6.375729167E-1,-2.165397257E-1,-1.185814217E-1,2.818886638E-1
6.476129167E-1,-2.031740695E-1,-8.778110147E-2,1.883586347E-1
6.576539167E-1,-1.977087408E-1,7.131107897E-2,1.217026412E-1
6.676939167E-1,-1.732795537E-1,2.176978439E-1,1.057444513E-1
6.777339167E-1,-1.451898664E-1,2.952269912E-1,9.949614108E-2
6.877749167E-1,-1.187562272E-1,3.072609603E-1,8.571092039E-2
6.978149167E-1,-9.512227029E-2,2.969156504E-1,6.301306933E-2
7.078559167E-1,-8.056827635E-2,2.919131815E-1,4.257459193E-2
7.178959167E-1,-6.886874139E-2,2.906375229E-1,3.177707270E-2
7.279360417E-1,-6.090110168E-2,2.786148787E-1,1.530520990E-2
7.379770417E-1,-6.392778456E-2,2.643419504E-1,8.577709377E-5
7.480170417E-1,-6.264528632E-2,2.572332323E-1,-6.271465681E-3
7.580570417E-1,-5.768115819E-2,2.590356469E-1,-2.115869196E-3
7.680980417E-1,-5.227572098E-2,2.636236250E-1,1.016432792E-2
7.781380417E-1,-5.203310773E-2,2.609415650E-1,1.993413456E-2
7.881780417E-1,-5.427040905E-2,2.481335104E-1,2.531434968E-2
7.982190417E-1,-4.106858745E-2,2.271251678E-1,3.088195436E-2
8.082590417E-1,-1.894170232E-2,2.233931273E-1,3.638846055E-2
8.182990417E-1,-1.056499686E-2,2.323349565E-1,3.934989497E-2
8.283400417E-1,-2.123755170E-3,2.407502830E-1,2.902771905E-2
8.383800417E-1,1.618254744E-2,2.350590974E-1,1.688556746E-2
8.484200417E-1,3.754443675E-2,2.335966527E-1,1.237459946E-2
8.584610417E-1,5.700415373E-2,2.549133897E-1,1.630116440E-2
8.685010417E-1,7.373175025E-2,2.782327235E-1,1.685573161E-2
8.785410417E-1,8.266745508E-2,2.949675024E-1,1.051261276E-2
8.885820417E-1,8.646222204E-2,3.033668399E-1,7.619605865E-3
8.986220417E-1,9.512948245E-2,2.920015454E-1,4.058693070E-3
9.086620417E-1,1.111406535E-1,2.704305351E-1,1.263664337E-3
9.187030417E-1,1.258942932E-1,2.447224855E-1,-3.544723149E-4
9.287430417E-1,1.444964856E-1,2.249552757E-1,-9.821590036E-3
9.387830417E-1,1.590112448E-1,2.209597379E-1,-2.226654254E-2
9.488240417E-1,1.712226272E-1,2.198003531E-1,-3.563283384E-2
9.588640417E-1,1.795351505E-1,2.068480700E-1,-4.850708693E-2
9.689050417E-1,1.940630078E-1,1.793521047E-1,-5.972870812E-2
9.789450417E-1,1.982300580E-1,1.652298868E-1,-6.066614389E-2
9.889850417E-1,1.962806731E-1,1.509618014E-1,-5.541286245E-2
9.990260417E-1,1.892070472E-1,1.393688023E-1,-4.298415780E-2
1.009066042E0,1.758379340E-1,1.304694116E-1,-2.862448618E-2
1.019106042E0,1.590270102E-1,1.198370084E-1,-1.504316367E-2
1.029147042E0,1.445674300E-1,1.087207720E-1,-2.879776526E-3
1.039187042E0,1.352964342E-1,9.941675514E-2,6.082825828E-3
1.049227042E0,1.282848418E-1,9.190881997E-2,1.341472473E-2
1.059268042E0,1.206016317E-1,7.897597551E-2,1.437292993E-2
1.069308042E0,1.095800251E-1,6.306070089E-2,1.467572339E-2
1.079348042E0,9.521040320E-2,4.696721956E-2,1.982680894E-2
1.089389042E0,6.940221041E-2,3.287185356E-2,2.314039133E-2
1.099429042E0,4.020943865E-2,2.166367322E-2,2.406424098E-2
1.109469042E0,1.591039449E-2,5.994977430E-3,1.956902072E-2
1.119510042E0,-1.870998647E-3,-1.050414750E-3,1.656843536E-2
1.129550042E0,2.954795724E-3,-4.014652222E-4,5.153420847E-3
1.139590042E0,1.425139233E-2,7.458854467E-3,-2.292511053E-3
1.149631042E0,2.866923809E-2,2.378770895E-2,-1.141451299E-3
1.159671042E0,3.535456955E-2,1.500140689E-2,-3.475445556E-3
1.169711042E0,3.967418522E-2,-4.043767229E-2,-1.566546038E-2
1.179752042E0,2.802152187E-2,-5.025621504E-2,-2.890011296E-3
1.189792042E0,-3.147372976E-2,5.454935133E-2,5.910644308E-2
1.199833042E0,-1.274213046E-1,8.515545726E-2,1.044883057E-1
1.209873042E0,-2.046456337E-1,-6.354606897E-2,1.178658158E-1
1.219913042E0,-2.199798524E-1,-2.151699513E-1,9.378764033E-2
1.229954042E0,-1.608560383E-1,-1.643534899E-1,5.312831141E-3
1.239994042E0,-1.317178607E-1,-1.160892919E-1,-2.262106538E-2
1.250034042E0,-1.130792126E-1,-2.146350592E-2,-1.908060163E-2
1.260075042E0,-7.126438618E-2,9.680721164E-2,-2.411743812E-2
1.270115042E0,-6.055856869E-2,1.512472928E-1,-5.168683454E-2
1.280155042E0,-1.047553271E-1,9.197252244E-2,-8.515611291E-2
1.290196042E0,-1.190733463E-1,-4.345439374E-2,-9.300751239E-2
1.300236042E0,-1.065279916E-1,-1.758278757E-1,-5.845139921E-2
1.310276042E0,-8.640974015E-2,-2.496826500E-1,-2.775460016E-4
1.320317042E0,-6.656333059E-2,-2.603118718E-1,3.845706582E-2
1.330357042E0,-4.444456846E-2,-2.416833788E-1,5.489090085E-2
1.340397042E0,-1.984281838E-2,-2.183444947E-1,5.503896996E-2
1.350438042E0,3.576984629E-3,-1.762780547E-1,5.239211768E-2
1.360478042E0,1.903370395E-2,-1.238617226E-1,4.581544176E-2
1.370518042E0,2.654356509E-2,-6.961221993E-2,3.365853056E-2
1.380559042E0,3.357857093E-2,-2.548737079E-2,1.039661933E-2
1.390599042E0,4.223323986E-2,8.205765858E-3,-1.122918352E-2
1.400640042E0,5.636051297E-2,3.030440956E-2,-2.409704402E-2
1.410680042E0,7.365819812E-2,2.989251912E-2,-3.634045273E-2
1.420720042E0,8.769066632E-2,2.885681763E-2,-4.893294349E-2
1.430761042E0,1.002774239E-1,3.087912500E-2,-5.499106646E-2
1.440801042E0,1.057454273E-1,1.463011466E-2,-5.261925235E-2
1.450841042E0,1.045382246E-1,-1.830008626E-2,-4.398374632E-2
1.460882042E0,9.491302818E-2,-6.056977436E-2,-3.511169180E-2
1.470922042E0,7.980761677E-2,-9.286848456E-2,-2.072700486E-2
1.480962042E0,6.357192248E-2,-1.044859961E-1,-3.235628596E-3
1.491003042E0,4.802218080E-2,-9.804002941E-2,1.408740133E-2
1.501043042E0,2.971507795E-2,-8.586911857E-2,2.528333105E-2
1.511083042E0,9.589036927E-3,-7.915741950E-2,3.134148940E-2
1.521124042E0,-7.372103631E-3,-8.179794252E-2,3.252633289E-2
1.531164042E0,-2.028690651E-2,-8.345320821E-2,2.592156641E-2
1.541204042E0,-2.651763707E-2,-8.334135264E-2,1.896272786E-2
1.551245042E0,-3.047389723E-2,-7.307817042E-2,6.227010861E-3
1.561285042E0,-2.536755241E-2,-6.015304103E-2,-1.071388926E-2
1.571325042E0,-1.234049164E-2,-3.904962540E-2,-2.782681398E-2
1.581366042E0,1.654420281E-3,-1.416851394E-2,-4.056018591E-2
1.591406042E0,1.461152639E-2,4.884275608E-3,-5.357106775E-2
1.601447042E0,2.382206731E-2,2.221293189E-2,-5.806382000E-2
1.611487042E0,2.739599161E-2,3.302285820E-2,-6.287816167E-2
1.621527042E0,2.284597978E-2,3.000389971E-2,-5.914654210E-2
1.631568042E0,2.005187236E-2,1.997891627E-2,-4.850744829E-2
1.641608042E0,1.577483490E-2,1.408241130E-2,-3.458630666E-2
1.651648042E0,1.278109569E-2,2.182107046E-2,-2.091580071E-2
1.661689042E0,1.061594579E-2,3.283883631E-2,-1.325202174E-2
1.671729042E0,1.016221754E-2,3.221049532E-2,-1.076481026E-2
1.681769042E0,9.454881772E-3,3.335778415E-2,-6.167661399E-3
1.691810042E0,1.241256017E-2,4.307778925E-2,-3.903702134E-3
1.701850042E0,1.707548834E-2,6.492369622E-2,-2.731911372E-3
1.711890042E0,2.106462605E-2,9.593583643E-2,-5.965678487E-3
1.721931208E0,2.623834834E-2,1.222217679E-1,-1.444465015E-2
1.731971208E0,3.216682747E-2,1.324093193E-1,-2.245560288E-2
1.742011208E0,4.059094191E-2,1.276039034E-1,-2.962030470E-2
1.752052208E0,4.910423979E-2,1.188772619E-1,-3.521000966E-2
1.762092208E0,5.822503194E-2,1.210256368E-1,-3.603851795E-2
1.772133208E0,6.495251507E-2,1.247483641E-1,-3.790077195E-2
1.782173208E0,6.453812867E-2,1.273380220E-1,-4.121161252E-2
1.792213208E0,6.176812202E-2,1.369270086E-1,-4.400632530E-2
1.802254208E0,5.744740739E-2,1.430125982E-1,-4.387343302E-2
1.812294208E0,5.294533819E-2,1.492313892E-1,-4.805838317E-2
1.822334208E0,4.546132311E-2,1.513568461E-1,-4.901765287E-2
1.832375208E0,4.000850022E-2,1.503408551E-1,-4.876917973E-2
1.842415208E0,3.456739709E-2,1.497477740E-1,-4.760644212E-2
1.852455208E0,2.799652889E-2,1.469597667E-1,-4.062286764E-2
1.862496208E0,2.655895427E-2,1.466300637E-1,-3.686807677E-2
1.872536208E0,2.089363895E-2,1.421341151E-1,-3.254951164E-2
1.882576208E0,1.964115538E-2,1.342389137E-1,-2.978781052E-2
1.892617208E0,1.953382418E-2,1.207597926E-1,-2.742632851E-2
1.902657208E0,2.246516570E-2,1.110445783E-1,-2.200466581E-2
1.912697208E0,2.120206319E-2,1.040908620E-1,-2.076635882E-2
1.922738208E0,1.757430471E-2,1.034692824E-1,-1.830613054E-2
1.932778208E0,1.655288972E-2,9.581422806E-2,-1.850764267E-2
1.942818208E0,1.165613532E-2,8.922929317E-2,-1.772946864E-2
1.952859208E0,1.417100523E-2,8.365865797E-2,-1.214500144E-2
1.962899208E0,1.650153846E-2,8.673940599E-2,-9.856813587E-3
1.972940208E0,1.847421005E-2,8.666948229E-2,-8.203381673E-3
1.982980208E0,2.092777938E-2,7.824803144E-2,-7.527737413E-3
1.993020208E0,2.217783779E-2,6.719937176E-2,-6.910411175E-3
2.003061208E0,2.310834825E-2,5.888231844E-2,-6.223848090E-3
2.013101208E0,2.349441312E-2,5.455781519E-2,-7.667455822E-3
2.023141208E0,2.165150642E-2,4.724077880E-2,-5.393116269E-3
2.033182208E0,2.206625417E-2,4.150572419E-2,-2.758276882E-3
2.043222208E0,2.375523001E-2,3.435859829E-2,-2.023244277E-3
2.053262208E0,2.815305069E-2,2.484465949E-2,-3.638074966E-3
2.063303208E0,2.785398066E-2,1.090647373E-2,-4.946486093E-3
2.073343208E0,3.079804406E-2,-2.438289812E-3,-9.652409703E-3
2.083383208E0,3.523353860E-2,-1.435034256E-2,-1.246657223E-2
2.093424208E0,3.880976886E-2,-2.518446743E-2,-1.510963216E-2
2.103464208E0,3.818446398E-2,-3.313826397E-2,-1.589286886E-2
2.113504208E0,4.058725014E-2,-3.609915823E-2,-1.717573218E-2
2.123545208E0,4.353084043E-2,-2.946309559E-2,-2.042558789E-2
2.133585208E0,4.245238751E-2,-2.522628196E-2,-1.834720746E-2
2.143626208E0,4.092399776E-2,-2.198787779E-2,-1.915494539E-2
2.153666208E0,3.874669224E-2,-2.475803904E-2,-1.905570365E-2
2.163706208E0,3.798928857E-2,-2.919007279E-2,-1.716006547E-2
2.173747208E0,3.754505515E-2,-3.450563550E-2,-1.398221590E-2
2.183787208E0,3.917277977E-2,-3.446329385E-2,-1.466265321E-2
2.193827208E0,3.943829611E-2,-3.283450380E-2,-1.817216724E-2
2.203868208E0,4.207091779E-2,-3.377293795E-2,-2.050276659E-2
2.213908208E0,4.510730878E-2,-3.370216489E-2,-1.990372874E-2
2.223948208E0,4.854491726E-2,-3.926950321E-2,-2.060227469E-2
2.233989208E0,4.894204065E-2,-4.684256762E-2,-1.977474801E-2
2.244029208E0,4.897799343E-2,-5.181416124E-2,-1.668867655E-2
2.254069208E0,4.731999338E-2,-5.460727587E-2,-1.612570137E-2
2.264110208E0,4.606458172E-2,-5.345332623E-2,-1.506363321E-2
2.274150208E0,4.679855332E-2,-4.966412857E-2,-1.663868129E-2
2.284190208E0,4.594527557E-2,-4.644330218E-2,-1.986510120E-2
2.294231208E0,4.484352097E-2,-4.875950515E-2,-1.803811826E-2
2.304271208E0,4.797486588E-2,-4.732565954E-2,-1.641811803E-2
2.314312208E0,5.000969768E-2,-4.426468536E-2,-1.560071856E-2
2.324352208E0,5.546145141E-2,-4.436188936E-2,-1.408404857E-2
2.334392208E0,5.738052726E-2,-3.982333094E-2,-1.614240557E-2
2.344433208E0,5.899679661E-2,-3.478196636E-2,-1.505583618E-2
2.354473208E0,5.654382333E-2,-2.737219632E-2,-1.346493419E-2
2.364513208E0,5.229501799E-2,-2.041282132E-2,-1.062041242E-2
2.374554208E0,4.467878863E-2,-1.600215770E-2,-1.182539295E-2
2.384594208E0,3.795537353E-2,-5.244851112E-3,-7.265528198E-3
2.394634208E0,2.955288999E-2,-3.495150479E-3,-4.252281506E-4
2.404675208E0,2.582499757E-2,-5.330334418E-3,4.122119397E-3
2.414715208E0,2.406597510E-2,-1.691821963E-4,7.932892069E-3
2.424755208E0,2.564016916E-2,8.460259065E-3,1.162882708E-2
2.434796208E0,2.526312880E-2,1.506442390E-2,1.326846331E-2
2.444836208E0,2.242606319E-2,2.173564397E-2,1.198215596E-2
2.454876208E0,1.454445347E-2,2.867413685E-2,1.123337913E-2
2.464917208E0,1.157023571E-2,3.422949091E-2,9.379552677E-3
2.474957208E0,9.988323785E-3,4.010207951E-2,5.788758863E-3
2.484998208E0,9.314011782E-3,5.351908505E-2,6.046819035E-3
2.495038208E0,9.823219851E-3,5.201078206E-2,4.588630982E-3
2.505078208E0,8.238371462E-3,4.483542591E-2,1.127853058E-3
2.515119208E0,7.228489965E-3,4.181076586E-2,2.776191104E-3
2.525159208E0,6.059895270E-3,4.258547723E-2,2.941040788E-3
2.535199208E0,4.789301194E-3,5.013394356E-2,7.141644601E-3
2.545240208E0,2.599649830E-3,6.414030492E-2,1.283894572E-2
2.555280208E0,-4.283548333E-5,7.296910137E-2,1.737843640E-2
2.565320208E0,-3.282570746E-3,7.502372563E-2,2.198543958E-2
2.575361208E0,-7.108632009E-3,6.293101609E-2,2.287022024E-2
2.585401208E0,-1.284108683E-2,5.263257772E-2,2.383108810E-2
2.595441208E0,-1.494975947E-2,5.250943080E-2,2.405889519E-2
2.605482208E0,-1.329673640E-2,6.270081550E-2,2.204820886E-2
2.615522208E0,-1.159448363E-2,7.903520018E-2,1.983070374E-2
2.625562208E0,-9.184854105E-3,9.506237507E-2,1.704503782E-2
2.635603208E0,-1.268618647E-2,9.768116474E-2,1.505716983E-2
2.645643208E0,-1.631154679E-2,8.815769851E-2,1.172662061E-2
2.655683208E0,-2.256083488E-2,7.665311545E-2,8.674081415E-3
2.665724208E0,-2.566208690E-2,6.961118430E-2,9.490606375E-3
2.675764208E0,-3.165375814E-2,7.638966292E-2,9.055525996E-3
2.685805208E0,-3.599311411E-2,9.287622571E-2,8.963647299E-3
2.695845208E0,-3.422608227E-2,1.131723970E-1,1.111845486E-2
2.705885208E0,-3.734358028E-2,1.122927517E-1,1.387669053E-2
2.715926208E0,-4.332691431E-2,9.141293168E-2,1.241126377E-2
2.725966417E0,-5.194543675E-2,6.649027020E-2,9.052485228E-3
2.736006417E0,-5.723626539E-2,4.898015410E-2,4.114537034E-3
2.746047417E0,-6.139745563E-2,4.762327299E-2,2.880694810E-3
2.756087417E0,-6.509665400E-2,5.628402531E-2,2.497324720E-3
2.766127417E0,-6.717737764E-2,6.290970743E-2,1.076262095E-3
2.776168417E0,-6.769908965E-2,6.879103184E-2,-2.013803925E-3
2.786208417E0,-6.959073246E-2,8.305598795E-2,-7.017350756E-3
2.796248417E0,-7.115690410E-2,1.064583585E-1,-7.967686281E-3
2.806289417E0,-7.332311571E-2,1.247758493E-1,-8.236931637E-3
2.816329417E0,-7.659903914E-2,1.290270537E-1,-7.288053166E-3
2.826370417E0,-8.043505996E-2,1.222208142E-1,-8.130677976E-3
2.836410417E0,-8.575742692E-2,1.119294986E-1,-9.924521670E-3
2.846450417E0,-9.227044880E-2,1.087036133E-1,-1.242363174E-2
2.856491417E0,-9.499461204E-2,1.171653867E-1,-1.538836490E-2
2.866531417E0,-9.924341738E-2,1.313232780E-1,-1.973837242E-2
2.876571417E0,-1.025307551E-1,1.376399398E-1,-2.304273099E-2
2.886612417E0,-1.061550453E-1,1.358782500E-1,-3.041808866E-2
2.896652417E0,-1.091234386E-1,1.359080821E-1,-3.597690165E-2
2.906692417E0,-1.131623909E-1,1.389475465E-1,-3.962569684E-2
2.916733417E0,-1.188085675E-1,1.421548873E-1,-4.192224517E-2
2.926773417E0,-1.212751865E-1,1.453112662E-1,-4.857109487E-2
2.936813417E0,-1.256639063E-1,1.370822042E-1,-5.011605844E-2
2.946854417E0,-1.313010156E-1,1.181149036E-1,-5.090888217E-2
2.956894417E0,-1.341135353E-1,1.007661670E-1,-5.088056624E-2
2.966934417E0,-1.338994205E-1,1.001413912E-1,-4.573453963E-2
2.976975417E0,-1.303549260E-1,1.069537625E-1,-4.357900470E-2
2.987015417E0,-1.303706318E-1,1.121234968E-1,-4.585840553E-2
2.997055417E0,-1.292028725E-1,1.199989393E-1,-5.278842524E-2
3.007096417E0,-1.300867647E-1,1.358620524E-1,-5.563454702E-2
3.017136417E0,-1.285282373E-1,1.469255239E-1,-5.538090691E-2
3.027177417E0,-1.209552735E-1,1.211421266E-1,-4.506968334E-2
3.037217417E0,-1.156894490E-1,8.894573152E-2,-3.517806157E-2
3.047257417E0,-1.072291136E-1,8.354005218E-2,-2.723278664E-2
3.057298417E0,-9.315780550E-2,1.073513180E-1,-2.001529373E-2
3.067338417E0,-7.571996003E-2,1.470934004E-1,-1.041672844E-2
3.077378417E0,-5.231666192E-2,1.777538359E-1,7.736161933E-4
3.087419417E0,-2.740998194E-2,1.829118431E-1,1.448037289E-2
3.097459417E0,-1.287024235E-3,1.642581075E-1,2.909862064E-2
3.107499417E0,2.035835013E-2,1.463928223E-1,3.964820132E-2
3.117540417E0,4.718576372E-2,1.425866932E-1,4.670844227E-2
3.127580417E0,6.866043061E-2,1.353919059E-1,5.298338085E-2
3.137620417E0,8.730166405E-2,1.139392257E-1,6.149364635E-2
3.147661417E0,1.088234633E-1,1.010111794E-1,7.135453075E-2
3.157701417E0,1.227559522E-1,9.314917028E-2,7.411391288E-2
3.167742417E0,1.253314912E-1,9.173849225E-2,5.967372656E-2
3.177782417E0,9.677441418E-2,5.796742439E-2,3.090924025E-2
3.187822417E0,5.701714382E-2,2.450267598E-2,1.330121793E-2
3.197863417E0,2.086100169E-2,6.177942269E-3,1.044603996E-3
3.207903417E0,-1.246393286E-2,1.595175010E-3,-1.519215573E-2
3.217943417E0,-4.017439857E-2,-1.432610769E-2,-3.628668562E-2
3.227984417E0,-6.814212352E-2,-3.363668919E-2,-6.407889724E-2
3.238024417E0,-1.079805344E-1,-1.616879553E-2,-8.616096526E-2
3.248064417E0,-1.434341371E-1,1.547888108E-2,-9.809166193E-2
3.258105417E0,-1.792513877E-1,5.124090984E-2,-1.020441204E-1
3.268145417E0,-2.105310112E-1,8.139774948E-2,-1.078447551E-1
3.278185417E0,-2.296761125E-1,1.079210266E-1,-1.205739155E-1
3.288226417E0,-2.238062471E-1,1.255865842E-1,-1.311626434E-1
3.298266417E0,-2.051306814E-1,1.180028990E-1,-1.293034256E-1
3.308306417E0,-1.757552177E-1,9.790748358E-2,-1.184947267E-1
3.318347417E0,-1.440574676E-1,5.581323802E-2,-1.096543148E-1
3.328387417E0,-1.178921908E-1,2.456663363E-2,-1.056246832E-1
3.338428417E0,-1.115495861E-1,1.573282294E-2,-1.063177958E-1
3.348468417E0,-1.167616546E-1,1.479512453E-2,-9.540629387E-2
3.358508417E0,-1.301015019E-1,1.248440053E-2,-7.509791106E-2
3.368549417E0,-1.481092721E-1,-1.451388700E-3,-4.896377772E-2
3.378589417E0,-1.744779497E-1,-1.939874329E-2,-1.384384837E-2
3.388629417E0,-2.055455893E-1,-2.958586626E-2,1.656785235E-2
3.398670417E0,-2.343719006E-1,-2.924327925E-2,4.535438493E-2
3.408710417E0,-2.542273700E-1,-2.928482369E-2,7.225071639E-2
3.418750417E0,-2.626320720E-1,-3.155650571E-2,8.827257156E-2
3.428791417E0,-2.627918720E-1,-3.865516186E-2,1.006062031E-1
3.438831417E0,-2.624664605E-1,-4.417280480E-2,1.157453209E-1
3.448871417E0,-2.663352191E-1,-4.525671154E-2,1.242586449E-1
3.458912417E0,-2.729488313E-1,-2.960493229E-2,1.239061877E-1
3.468952417E0,-2.841578126E-1,5.366100464E-3,1.194531173E-1
3.478993417E0,-2.973056138E-1,6.949245930E-2,1.156928986E-1
3.489033417E0,-3.147575557E-1,1.319369227E-1,1.111743078E-1
3.499073417E0,-3.306615949E-1,1.500559002E-1,1.136021465E-1
3.509114417E0,-3.439316154E-1,1.554911584E-1,1.134130657E-1
3.519154417E0,-3.571507633E-1,1.476341486E-1,1.183912009E-1
3.529194417E0,-3.643636703E-1,1.405304223E-1,1.298941970E-1
3.539235417E0,-3.742978275E-1,1.436841786E-1,1.370399445E-1
3.549275417E0,-3.771300912E-1,1.493812203E-1,1.402322650E-1
3.559315417E0,-3.853344619E-1,1.576822549E-1,1.400384456E-1
3.569356417E0,-3.894466460E-1,1.726851612E-1,1.288656890E-1
3.579396417E0,-3.967796564E-1,1.778211147E-1,1.090604961E-1
3.589436417E0,-3.993964791E-1,1.607414633E-1,8.274766803E-2
3.599477417E0,-3.986175954E-1,1.345807016E-1,5.365876853E-2
3.609517417E0,-4.026781321E-1,1.312863678E-1,2.803596482E-2
3.619558417E0,-4.065798819E-1,1.447951943E-1,6.668671500E-3
3.629598417E0,-4.050922394E-1,1.552667469E-1,-7.359795738E-3
3.639638417E0,-3.992883861E-1,1.510295570E-1,-3.981741145E-3
3.649679417E0,-3.817264438E-1,1.303626299E-1,1.439407095E-2
3.659719417E0,-3.586892188E-1,8.735115081E-2,4.320319742E-2
3.669759417E0,-3.408604264E-1,2.553332224E-2,8.455249667E-2
3.679800417E0,-3.138445318E-1,-6.129915267E-2,1.334061623E-1
3.689840417E0,-2.795177400E-1,-1.464630514E-1,1.767176837E-1
3.699880417E0,-2.514787018E-1,-2.256003171E-1,1.991019249E-1
3.709921417E0,-2.288969606E-1,-2.891018093E-1,1.896953732E-1
3.719961417E0,-1.916313469E-1,-2.858570516E-1,1.751175523E-1
3.730001333E0,-1.165001020E-1,-1.720125228E-1,1.926757693E-1
3.740042333E0,-2.530736476E-2,-1.302814391E-2,1.787830740E-1
3.750082333E0,3.918427601E-2,7.864744216E-2,9.848210216E-2
3.760122333E0,1.069352552E-1,3.611886129E-2,-3.860433120E-3
3.770163333E0,2.010992914E-1,-5.040378124E-2,-1.028157771E-1
3.780203333E0,3.310427964E-1,-9.552631527E-2,-2.221807539E-1
3.790244333E0,4.660001099E-1,-1.358063519E-1,-3.557494581E-1
3.800284333E0,5.500116944E-1,-2.137803584E-1,-4.526719153E-1
3.810324333E0,5.445340872E-1,-3.598179817E-1,-4.788209796E-1
3.820365333E0,4.648088217E-1,-5.220094919E-1,-4.305600226E-1
3.830405333E0,3.585396409E-1,-5.998462439E-1,-3.341445327E-1
3.840445333E0,2.499198914E-1,-5.904672146E-1,-2.296150625E-1
3.850486333E0,1.606749743E-1,-5.543771386E-1,-1.200595349E-1
3.860526333E0,1.306780130E-1,-5.265699625E-1,-1.676198468E-2
3.870566333E0,1.804128140E-1,-5.317870975E-1,7.547207177E-2
3.880607333E0,2.669423819E-1,-4.830090702E-1,1.636516303E-1
3.890647333E0,3.314521313E-1,-3.359040320E-1,1.915346533E-1
3.900687333E0,3.896237016E-1,-1.463231444E-1,1.633021981E-1
3.910728333E0,4.612784684E-1,5.862121657E-2,1.087744907E-1
3.920768333E0,5.365032554E-1,2.577221990E-1,3.158797324E-2
3.930809333E0,6.187000871E-1,4.243505895E-1,-4.433342069E-2
3.940849333E0,6.980344057E-1,4.875386357E-1,-9.681266546E-2
3.950889333E0,7.558678389E-1,4.622428715E-1,-1.369667351E-1
3.960930333E0,7.700492740E-1,3.873026073E-1,-1.478143185E-1
3.970970333E0,7.413912416E-1,2.814629972E-1,-1.253433675E-1
3.981010333E0,6.947541833E-1,1.642534882E-1,-8.396285772E-2
3.991051333E0,6.471120715E-1,2.351687662E-2,-3.237663209E-2
4.001091333E0,6.081606150E-1,-1.098774001E-1,3.690497577E-2
4.011131333E0,5.792419314E-1,-1.759696156E-1,1.012908891E-1
4.021172333E0,5.507002473E-1,-1.791521907E-1,1.549776644E-1
4.031212333E0,5.165500045E-1,-1.637828201E-1,2.006466091E-1
4.041252333E0,4.856670499E-1,-1.240576059E-1,2.455966175E-1
4.051293333E0,4.652443230E-1,-5.178740993E-2,2.820696831E-1
4.061333333E0,4.484114647E-1,3.848207742E-2,3.081260026E-1
4.071374333E0,4.407908320E-1,1.517846584E-1,3.101641238E-1
4.081414333E0,4.417123199E-1,2.675661743E-1,2.917264402E-1
4.091454333E0,4.642354846E-1,3.453954756E-1,2.593852878E-1
4.101495333E0,5.050119758E-1,3.809843063E-1,2.241064459E-1
4.111535333E0,5.577396750E-1,3.847721219E-1,1.783834398E-1
4.121575333E0,6.031869054E-1,3.381553292E-1,1.134494394E-1
4.131616333E0,6.353576183E-1,2.465423495E-1,4.933410510E-2
4.141656333E0,6.665086746E-1,1.345776767E-1,-1.121558598E-3
4.151696333E0,6.859796047E-1,3.869082406E-2,-4.222878069E-2
4.161737333E0,6.914546490E-1,-3.545297682E-2,-7.059030980E-2
4.171777333E0,6.778438091E-1,-7.177423686E-2,-8.904308826E-2
4.181817333E0,6.363664269E-1,-5.858758837E-2,-1.013847142E-1
4.191858333E0,5.760090947E-1,-8.688471280E-3,-9.726294130E-2
4.201898333E0,5.086486936E-1,6.466824561E-2,-6.794842333E-2
4.211939333E0,4.641142488E-1,1.161018759E-1,-1.950152218E-2
4.221979333E0,4.339404404E-1,1.008598208E-1,-9.157008491E-3
4.232019333E0,4.226856530E-1,3.301951662E-2,-3.337473050E-2
4.242060333E0,4.392577112E-1,-4.273969308E-2,-6.619286537E-2
4.252100333E0,4.708065689E-1,-9.434989095E-2,-9.305191040E-2
4.262140333E0,5.063888431E-1,-1.289640069E-1,-1.194750443E-1
4.272181333E0,5.383012295E-1,-1.333001703E-1,-1.638116091E-1
4.282221333E0,5.636773109E-1,-8.659280092E-2,-2.133518010E-1
4.292261333E0,5.693376064E-1,7.608267013E-3,-2.528262436E-1
4.302302333E0,5.444754362E-1,1.093197167E-1,-2.826842368E-1
4.312342333E0,5.097776651E-1,1.300513595E-1,-2.927778959E-1
4.322382333E0,4.783557653E-1,1.526277512E-2,-2.616200149E-1
4.332423333E0,4.553439319E-1,-2.154189050E-1,-1.936670840E-1
4.342463333E0,4.543775618E-1,-5.261974931E-1,-1.170572713E-1
4.352504333E0,4.922455847E-1,-8.285778761E-1,-4.400915653E-2
4.362544333E0,5.355283022E-1,-9.948855639E-1,1.199062075E-2
4.372584333E0,5.431398749E-1,-9.226508141E-1,3.161492199E-2
4.382625333E0,5.009765029E-1,-5.520249009E-1,4.177366197E-2
4.392665333E0,4.657370448E-1,-5.295701325E-2,6.796372682E-2
4.402705333E0,4.764758348E-1,2.695791125E-1,1.615382433E-1
4.412746333E0,4.381124675E-1,2.231093347E-1,2.755955756E-1
4.422786333E0,3.228851557E-1,1.053885557E-2,4.144782722E-1
4.432826333E0,1.986529678E-1,-3.229888901E-2,5.095148087E-1
4.442867333E0,5.740223452E-2,1.068840474E-1,5.248620510E-1
4.452907333E0,-8.598395437E-2,2.745769024E-1,4.778564274E-1
4.462948333E0,-1.918793023E-1,2.773297429E-1,4.355079532E-1
4.472988333E0,-2.253757417E-1,3.030159511E-2,3.580746949E-1
4.483028333E0,-1.588538736E-1,-2.803468704E-1,2.357051671E-1
4.493069333E0,-6.788163632E-2,-5.107042193E-1,8.599528670E-2
4.503109333E0,-3.896135837E-2,-5.944041610E-1,-4.488443211E-2
4.513149333E0,-1.046500169E-2,-5.583001971E-1,-1.273899674E-1
4.523190333E0,4.675028846E-2,-4.837338626E-1,-1.758626252E-1
4.533230333E0,7.140343636E-2,-3.767932951E-1,-1.856777072E-1
4.543270333E0,4.241792485E-2,-2.541647553E-1,-1.694751382E-1
4.553311333E0,-3.745666519E-2,-1.066280231E-1,-1.489847898E-1
4.563351333E0,-1.559811682E-1,4.643332586E-2,-1.276751459E-1
4.573391333E0,-2.880779505E-1,2.295480222E-1,-1.040757969E-1
4.583432333E0,-4.051436484E-1,4.055137932E-1,-7.343165576E-2
4.593472333E0,-4.992722869E-1,5.226026177E-1,-7.899685949E-2
4.603513333E0,-5.689165592E-1,5.749661922E-1,-1.067693681E-1
4.613553333E0,-6.034689546E-1,5.723605752E-1,-1.384492666E-1
4.623593333E0,-5.908492208E-1,5.211631060E-1,-1.595510840E-1
4.633634333E0,-5.392041206E-1,4.214096665E-1,-1.715877652E-1
4.643674333E0,-4.657575786E-1,2.761890292E-1,-1.754695326E-1
4.653714333E0,-4.006342292E-1,1.374948025E-1,-1.976997405E-1
4.663755333E0,-3.629372418E-1,2.347416244E-2,-2.403124124E-1
4.673795333E0,-3.546476364E-1,-6.115470454E-2,-2.800214589E-1
4.683835333E0,-3.681914508E-1,-8.890613168E-2,-3.087482452E-1
4.693876333E0,-4.026072323E-1,-6.462795287E-2,-3.096814156E-1
4.703916333E0,-4.589482248E-1,5.097815301E-3,-2.941980064E-1
4.713956333E0,-5.201684237E-1,8.109696954E-2,-2.530785501E-1
4.723997708E0,-5.721978545E-1,1.328372359E-1,-1.871630251E-1
4.734037708E0,-6.076040268E-1,1.607450396E-1,-1.061994508E-1
4.744078708E0,-6.276672482E-1,1.574003696E-1,-2.649157494E-2
4.754118708E0,-6.384956837E-1,1.405097991E-1,4.211491719E-2
4.764158708E0,-6.406693459E-1,1.215430424E-1,9.701092541E-2
4.774199708E0,-6.386219263E-1,9.681526572E-2,1.264373064E-1
4.784239708E0,-6.273580194E-1,9.103706479E-2,1.562300324E-1
4.794279708E0,-6.112192869E-1,8.257514238E-2,1.967806667E-1
4.804320708E0,-5.951504707E-1,5.547950044E-2,2.583748996E-1
4.814360708E0,-5.706805587E-1,-3.148229420E-2,3.152826428E-1
4.824400708E0,-5.528287888E-1,-1.427255869E-1,3.559998274E-1
4.834441708E0,-5.323274732E-1,-2.364387512E-1,3.810042441E-1
4.844481708E0,-5.045561194E-1,-2.937608361E-1,3.812737167E-1
4.854521708E0,-5.022810102E-1,-3.114053607E-1,3.450086415E-1
4.864562708E0,-5.273131132E-1,-2.696623206E-1,3.052171767E-1
4.874602708E0,-5.319901705E-1,-1.735200733E-1,2.620417476E-1
4.884643708E0,-4.794508219E-1,-4.623711482E-2,2.277531773E-1
4.894683708E0,-3.704257905E-1,1.167078614E-1,1.610178202E-1
4.904723708E0,-2.980735004E-1,2.243290246E-1,6.951545179E-2
4.914764708E0,-3.227865696E-1,1.316702068E-1,-1.909084804E-2
4.924804708E0,-4.300422072E-1,-2.072647810E-1,-6.788763404E-2
4.934844708E0,-5.819955468E-1,-6.915755272E-1,-1.098875478E-1
4.944885708E0,-7.197488546E-1,-1.127488136E0,-1.492549181E-1
4.954925708E0,-7.812535167E-1,-1.267365575E0,-1.223764420E-1
4.964965708E0,-7.554175854E-1,-8.744749427E-1,-6.001383532E-3
4.975006708E0,-7.276392579E-1,-1.606865525E-1,1.765039861E-1
4.985046708E0,-6.958675981E-1,3.666531444E-1,2.620697021E-1
4.995087708E0,-6.350843906E-1,3.070825040E-1,8.311912417E-2
5.005127708E0,-5.424355268E-1,1.163014770E-1,-1.758664548E-1
5.015167708E0,-4.201807678E-1,6.352747232E-2,-3.955977261E-1
5.025208708E0,-2.317366302E-1,7.791300863E-2,-5.422254801E-1
5.035248708E0,9.522633627E-4,9.250590578E-3,-6.212654114E-1
5.045288708E0,1.781388372E-1,-1.826661676E-1,-6.189556122E-1
5.055329708E0,2.380250692E-1,-4.037082791E-1,-5.321682692E-1
5.065369708E0,2.743187845E-1,-5.723659992E-1,-3.936090469E-1
5.075409708E0,3.133473992E-1,-6.724582911E-1,-2.006392926E-1
5.085450708E0,3.114678562E-1,-6.994314790E-1,1.403195225E-2
5.095490708E0,2.595426142E-1,-6.433892846E-1,1.984798163E-1
5.105531708E0,1.864944249E-1,-5.388779044E-1,3.357730508E-1
5.115571708E0,1.232645735E-1,-3.985354602E-1,4.121685028E-1
5.125611708E0,9.769966453E-2,-1.975336820E-1,4.348011911E-1
5.135652708E0,1.170557886E-1,6.585720927E-2,4.044225216E-1
5.145692708E0,1.581917405E-1,2.889072299E-1,3.407844901E-1
5.155732708E0,2.244969904E-1,4.207185209E-1,2.703750432E-1
5.165773708E0,3.004771769E-1,4.753751457E-1,1.936101615E-1
5.175813708E0,3.709806502E-1,5.018190145E-1,1.288223863E-1
5.185853708E0,4.217514992E-1,4.952917099E-1,6.720472872E-2
5.195894708E0,4.475053251E-1,4.523727298E-1,3.387926146E-2
5.205934708E0,4.611316025E-1,3.664666712E-1,3.387866169E-2
5.215974708E0,4.629683793E-1,2.588976026E-1,6.388983130E-2
5.226015708E0,4.631239176E-1,1.528502107E-1,1.147724986E-1
5.236055708E0,4.570135474E-1,6.483406574E-2,1.741655171E-1
5.246096708E0,4.530923367E-1,-1.219866425E-2,2.411179245E-1
5.256136708E0,4.623180628E-1,-4.120341688E-2,2.838749886E-1
5.266176708E0,4.839390516E-1,-4.124516249E-2,3.228402436E-1
5.276217708E0,5.234039426E-1,-1.382791810E-2,3.497791588E-1
5.286257708E0,5.655453801E-1,5.504753813E-2,3.333948255E-1
5.296297708E0,6.018722653E-1,1.342435479E-1,2.928577662E-1
5.306338708E0,6.230533719E-1,2.035310715E-1,2.239079326E-1
5.316378708E0,6.356522441E-1,2.508674264E-1,1.316690892E-1
5.326418708E0,6.333343387E-1,2.796137035E-1,3.590891883E-2
5.336459708E0,6.125656962E-1,2.952869534E-1,-6.397932768E-2
5.346499708E0,5.797240138E-1,2.933534384E-1,-1.632313132E-1
5.356540708E0,5.429484248E-1,2.875530720E-1,-2.566446364E-1
5.366580708E0,5.052348971E-1,2.832249105E-1,-3.245357871E-1
5.376620708E0,4.743472934E-1,2.664459050E-1,-3.611220121E-1
5.386661708E0,4.389134645E-1,2.197627127E-1,-3.754153550E-1
5.396701708E0,4.127473831E-1,1.452309787E-1,-3.793123364E-1
5.406741708E0,4.049159884E-1,5.213169008E-2,-3.676560521E-1
5.416782708E0,4.115749598E-1,-4.949506745E-2,-3.375399411E-1
5.426822708E0,4.338592589E-1,-1.337410212E-1,-3.088373840E-1
5.436862708E0,4.751590192E-1,-1.913720965E-1,-2.767375112E-1
5.446903708E0,5.206285119E-1,-1.699114442E-1,-2.496679276E-1
5.456943708E0,5.289354324E-1,-9.393171966E-2,-2.422936261E-1
5.466984708E0,4.991575480E-1,-2.691082284E-2,-2.373732477E-1
5.477024708E0,4.779632986E-1,-4.019973055E-2,-2.122303396E-1
5.487064708E0,4.995546639E-1,-1.922035366E-1,-1.571621150E-1
5.497105708E0,5.438800454E-1,-4.497655630E-1,-8.992769569E-2
5.507145708E0,5.849955082E-1,-7.330989242E-1,-1.699254289E-2
5.517185708E0,5.986817479E-1,-9.913269877E-1,5.452159047E-2
5.527226708E0,5.338339806E-1,-1.062653303E0,1.172413602E-1
5.537266708E0,4.132636487E-1,-7.165002227E-1,1.640442908E-1
5.547306708E0,3.278281093E-1,-1.477524936E-1,1.918552965E-1
5.557347708E0,2.256431580E-1,1.857048273E-1,2.745001018E-1
5.567387708E0,9.440369159E-2,1.972877234E-1,4.618164897E-1
5.577427708E0,9.527680464E-3,1.401762366E-1,6.371845603E-1
5.587468708E0,-5.673610047E-2,1.931210309E-1,7.094040513E-1
5.597508708E0,-1.210405231E-1,2.322617769E-1,6.883956790E-1
5.607549708E0,-1.918028444E-1,1.220361516E-1,5.959262848E-1
5.617589708E0,-1.996828765E-1,-1.136480123E-1,4.892110229E-1
5.627629708E0,-1.090865508E-1,-2.846194804E-1,3.701352477E-1
5.637670708E0,-2.634719759E-2,-3.984272778E-1,1.847635359E-1
5.647710708E0,-4.588953685E-3,-5.216218829E-1,3.429566324E-2
5.657750708E0,7.377161644E-3,-6.465012431E-1,-4.114449769E-2
5.667791708E0,4.699963331E-2,-7.459093928E-1,-8.198077232E-2
5.677831708E0,6.901438534E-2,-7.551082373E-1,-8.154001832E-2
5.687871708E0,4.189312831E-2,-6.425237060E-1,-4.226045310E-2
5.697912708E0,-3.702538833E-2,-4.540970027E-1,2.388775814E-3
5.707952708E0,-1.346526146E-1,-2.473161519E-1,7.125823759E-4
5.717993708E0,-2.293674052E-1,-3.116175160E-2,-2.447159961E-2
5.728033042E0,-3.079762757E-1,1.948937476E-1,-3.894883022E-2
5.738073042E0,-3.725584447E-1,4.135613739E-1,-5.373549834E-2
5.748114042E0,-4.159176648E-1,5.757968426E-1,-7.216830552E-2
5.758154042E0,-4.526277483E-1,6.621131301E-1,-7.379150391E-2
5.768194042E0,-4.575519264E-1,6.168141961E-1,-5.619636923E-2
5.778235042E0,-4.348780513E-1,4.469098449E-1,-4.080809280E-2
5.788275042E0,-4.054370821E-1,2.187664211E-1,-5.322508141E-2
5.798315042E0,-3.570836484E-1,3.464692086E-2,-1.187050268E-1
5.808356042E0,-3.081632555E-1,-7.885674387E-2,-2.145505995E-1
5.818396042E0,-2.649497390E-1,-1.371831596E-1,-3.066640198E-1
5.828437042E0,-2.454816103E-1,-1.546032578E-1,-3.661293089E-1
5.838477042E0,-2.496654391E-1,-1.540059149E-1,-4.060849845E-1
5.848517042E0,-2.774361670E-1,-1.219557300E-1,-4.238241613E-1
5.858558042E0,-3.357484937E-1,-7.727401704E-2,-4.118474126E-1
5.868598042E0,-4.036122561E-1,-2.607256360E-2,-3.749805391E-1
5.878638042E0,-4.784169793E-1,2.521539107E-2,-3.001880348E-1
5.888679042E0,-5.436968803E-1,7.799179107E-2,-2.119018584E-1
5.898719042E0,-5.896584988E-1,1.231014729E-1,-1.104822978E-1
5.908759042E0,-6.227527857E-1,1.509465277E-1,-8.085423149E-3
5.918800042E0,-6.480887532E-1,1.665111184E-1,7.459374517E-2
5.928840042E0,-6.536156535E-1,2.024576515E-1,1.314490139E-1
5.938881042E0,-6.583811045E-1,2.511021793E-1,1.823409647E-1
5.948921042E0,-6.703171730E-1,2.657122314E-1,2.347133458E-1
5.958961042E0,-6.809411049E-1,2.756346464E-1,2.759595811E-1
5.969002042E0,-6.794463992E-1,2.816972435E-1,3.099227250E-1
5.979042042E0,-6.835551262E-1,2.645164132E-1,3.341063559E-1
5.989082042E0,-7.084848285E-1,2.271617651E-1,3.542588055E-1
5.999123042E0,-7.512341738E-1,1.894005388E-1,3.800611198E-1
6.009163042E0,-7.748038173E-1,1.619948149E-1,4.140909612E-1
6.019204042E0,-7.399837971E-1,1.567023247E-1,4.051160812E-1
6.029244042E0,-6.558106542E-1,1.921888739E-1,3.385432363E-1
6.039284042E0,-5.966621041E-1,1.878902614E-1,2.052815855E-1
6.049325042E0,-6.078860164E-1,5.808812380E-2,6.952982396E-2
6.059365042E0,-6.735459566E-1,-2.189594507E-1,-2.128450200E-2
6.069405042E0,-7.344364524E-1,-5.320127606E-1,-8.993734419E-2
6.079446042E0,-7.489789128E-1,-7.626084089E-1,-1.535626501E-1
6.089486042E0,-6.921930909E-1,-8.218894005E-1,-1.688693017E-1
6.099526042E0,-5.813640356E-1,-6.517528296E-1,-1.113958955E-1
6.109567042E0,-4.794605374E-1,-2.577619851E-1,2.869606251E-3
6.119607042E0,-3.811763227E-1,1.317740679E-1,6.350845098E-2
6.129647042E0,-3.079573512E-1,3.000490963E-1,-2.143497765E-2
6.139688042E0,-2.950194478E-1,2.352786064E-1,-2.549065948E-1
6.149728042E0,-2.966468930E-1,2.661263347E-1,-4.703404009E-1
6.159769042E0,-2.296465486E-1,4.385891855E-1,-6.024081111E-1
6.169809042E0,-6.228610873E-2,5.443620682E-1,-6.790180802E-1
6.179849042E0,1.057897210E-1,4.546953142E-1,-7.116130590E-1
6.189890042E0,1.556888521E-1,1.534834504E-1,-6.764150858E-1
6.199930042E0,1.357955635E-1,-2.023902386E-1,-5.512264967E-1
6.209970042E0,1.436401159E-1,-4.959369302E-1,-3.458751738E-1
6.220011042E0,1.658644676E-1,-6.570249200E-1,-9.985553473E-2
6.230051042E0,1.375647336E-1,-6.738895178E-1,1.247598976E-1
6.240092042E0,7.898079604E-2,-6.220681667E-1,2.989157140E-1
6.250132042E0,2.222400159E-2,-5.372574329E-1,3.938505352E-1
6.260172042E0,-1.208070852E-2,-3.955373168E-1,4.318080544E-1
6.270213042E0,-1.224474795E-2,-1.829583794E-1,4.305754304E-1
6.280253042E0,-6.524278317E-3,4.418956116E-2,4.144094884E-1
6.290293042E0,7.319615223E-3,2.245360017E-1,3.885253072E-1
6.300334042E0,5.256725475E-2,3.623556495E-1,3.512392044E-1
6.310374042E0,1.098948419E-1,4.364272952E-1,2.931316793E-1
6.320414042E0,1.739363968E-1,4.673641622E-1,2.143974453E-1
6.330455042E0,2.371051759E-1,4.760614634E-1,1.402287036E-1
6.340495042E0,3.042029738E-1,4.558975995E-1,9.228993952E-2
6.350536042E0,3.751318157E-1,4.006144404E-1,7.684145123E-2
6.360576042E0,4.420826435E-1,3.282896280E-1,9.071093053E-2
6.370616042E0,5.002862215E-1,2.553139925E-1,1.209025756E-1
6.380657042E0,5.427138209E-1,2.020539790E-1,1.521904469E-1
6.390697042E0,5.714021921E-1,1.527991891E-1,1.903859377E-1
6.400737042E0,5.967051983E-1,1.212194264E-1,2.294832766E-1
6.410778042E0,6.285195351E-1,1.336323619E-1,2.643821836E-1
6.420818042E0,6.606308818E-1,1.831154823E-1,2.677508295E-1
6.430858042E0,6.741853356E-1,2.194690704E-1,2.396362573E-1
6.440899042E0,6.825215220E-1,2.324796766E-1,1.913890988E-1
6.450939042E0,6.998139620E-1,2.320895344E-1,1.313816756E-1
6.460980042E0,7.120969892E-1,2.329390943E-1,5.830374733E-2
6.471020042E0,7.133392096E-1,2.290200293E-1,-3.856608644E-2
6.481060042E0,6.941050887E-1,2.353415787E-1,-1.507200599E-1
6.491101042E0,6.552743912E-1,2.377967983E-1,-2.612770200E-1
6.501141042E0,6.160804033E-1,2.019162923E-1,-3.427079618E-1
6.511181042E0,5.836262107E-1,1.270582974E-1,-3.843355477E-1
6.521222042E0,5.626801252E-1,4.157589003E-2,-3.928611279E-1
6.531262042E0,5.569503903E-1,-4.808193073E-2,-3.907592595E-1
6.541302042E0,5.695833564E-1,-1.109005809E-1,-3.699778318E-1
6.551343042E0,5.974298120E-1,-1.440838277E-1,-3.426282406E-1
6.561383042E0,6.402534246E-1,-1.632375419E-1,-3.173886538E-1
6.571424042E0,6.755078435E-1,-1.746957004E-1,-3.064292967E-1
6.581464042E0,6.957225800E-1,-1.425289661E-1,-3.043616414E-1
6.591504042E0,6.790540814E-1,-6.155422702E-2,-3.120144904E-1
6.601545042E0,6.167132258E-1,5.627919734E-2,-3.098144531E-1
6.611585042E0,5.669977069E-1,8.667168021E-2,-2.818929851E-1
6.621625042E0,5.833293200E-1,-4.892050102E-2,-2.200730294E-1
6.631666042E0,6.424102187E-1,-3.536324501E-1,-1.521656215E-1
6.641706042E0,7.050072551E-1,-7.345529199E-1,-8.754587919E-2
6.651747042E0,7.332947850E-1,-1.048482656E0,-1.996153593E-2
6.661787042E0,6.830196381E-1,-1.100684285E0,4.953418300E-2
6.671827042E0,5.552943349E-1,-7.684432268E-1,1.054154932E-1
6.681868042E0,4.212100506E-1,-1.783412993E-1,1.699337512E-1
6.691908042E0,2.726157606E-1,2.648296356E-1,2.684497833E-1
6.701948042E0,1.182672009E-1,3.321173489E-1,4.759371877E-1
6.711989042E0,1.752732322E-2,2.654200196E-1,6.744183898E-1
6.722029042E0,-8.955571800E-2,2.230738848E-1,7.526711226E-1
6.732068958E0,-2.369681299E-1,1.407869309E-1,7.122571468E-1
6.742109958E0,-3.385594785E-1,1.962136663E-2,5.986360312E-1
6.752149958E0,-3.363373578E-1,-7.732622325E-2,4.593442082E-1
6.762190958E0,-2.816480100E-1,-1.613332480E-1,2.908505201E-1
6.772230958E0,-2.565283775E-1,-3.032676578E-1,1.309231967E-1
6.782270958E0,-2.209842354E-1,-4.774607718E-1,-1.728251576E-2
6.792311958E0,-1.399038285E-1,-6.568537951E-1,-1.381021291E-1
6.802351958E0,-7.632937282E-2,-7.390466332E-1,-1.959262788E-1
6.812391958E0,-6.949406862E-2,-6.638796329E-1,-1.956930608E-1
6.822432958E0,-1.240622401E-1,-4.590162039E-1,-1.726617813E-1
6.832472958E0,-2.189275473E-1,-1.837879866E-1,-1.783163399E-1
6.842513958E0,-3.245772719E-1,8.955593407E-2,-1.964668483E-1
6.852553958E0,-4.335117638E-1,3.349488676E-1,-1.850423664E-1
6.862593958E0,-5.158492327E-1,5.535488129E-1,-1.521914750E-1
6.872634958E0,-5.701018572E-1,7.091692686E-1,-1.103288829E-1
6.882674958E0,-5.867133141E-1,7.909341455E-1,-6.556674093E-2
6.892714958E0,-5.784808993E-1,7.674987912E-1,-2.474121377E-2
6.902755958E0,-5.449128151E-1,6.485313773E-1,5.925352219E-3
6.912795958E0,-4.966099858E-1,4.483343661E-1,2.002264373E-3
6.922835958E0,-4.314581454E-1,2.319264561E-1,-2.721421048E-2
6.932876958E0,-3.640714288E-1,4.723515734E-2,-9.162012488E-2
6.942916958E0,-3.150956333E-1,-8.334601671E-2,-1.614791006E-1
6.952957958E0,-2.950175107E-1,-1.399587095E-1,-2.367349565E-1
6.962997958E0,-3.103780746E-1,-1.227938309E-1,-3.047331870E-1
6.973037958E0,-3.575213253E-1,-6.124497205E-2,-3.455930054E-1
6.983078958E0,-4.323846400E-1,3.119174950E-2,-3.453114927E-1
6.993118958E0,-5.238505006E-1,1.166973710E-1,-3.191505373E-1
7.003158958E0,-6.313790679E-1,1.972438842E-1,-2.657001019E-1
7.013199958E0,-7.140211463E-1,2.673089206E-1,-1.875522286E-1
7.023239958E0,-7.746240497E-1,2.833749950E-1,-9.271067381E-2
7.033279958E0,-8.177893162E-1,2.528294325E-1,1.542531513E-2
7.043320958E0,-8.398914337E-1,1.967001259E-1,9.777718037E-2
7.053360958E0,-8.375604749E-1,1.278642714E-1,1.450594664E-1
7.063401958E0,-8.340442777E-1,9.075312316E-2,1.860420555E-1
7.073441958E0,-8.364375830E-1,6.031081080E-2,2.328996360E-1
7.083481958E0,-8.292171955E-1,4.376831651E-2,2.763182223E-1
7.093522958E0,-8.153329492E-1,4.772629216E-2,3.137866855E-1
7.103562958E0,-8.212999701E-1,4.973697662E-2,3.409085870E-1
7.113602958E0,-8.548133969E-1,2.994479984E-2,3.713923395E-1
7.123643958E0,-8.903841972E-1,-4.790543579E-3,3.947277367E-1
7.133683958E0,-8.881446719E-1,-3.721526638E-2,4.133291245E-1
7.143724958E0,-8.341219425E-1,-2.838156186E-2,4.117575884E-1
7.153764958E0,-7.316968441E-1,1.818167418E-2,3.768352568E-1
7.163804958E0,-6.305140257E-1,4.005768150E-2,2.689162493E-1
7.173845958E0,-5.945566893E-1,-6.813975424E-2,1.186943203E-1
7.183885958E0,-6.238127947E-1,-3.338473141E-1,-1.147885807E-2
7.193925958E0,-6.742416024E-1,-6.314502954E-1,-1.362106204E-1
7.203966958E0,-7.052873969E-1,-8.571689129E-1,-2.393713593E-1
7.214006958E0,-6.624327898E-1,-9.395342469E-1,-2.586481869E-1
7.224046958E0,-5.345339775E-1,-7.635208964E-1,-1.907330602E-1
7.234087958E0,-3.829061091E-1,-2.845622301E-1,-2.452684008E-2
7.244127958E0,-2.668705881E-1,2.297261357E-1,1.327871531E-1
7.254168958E0,-2.017956674E-1,4.298581183E-1,1.291139275E-1
7.264208958E0,-2.020918131E-1,2.534703016E-1,-5.579121038E-2
7.274248958E0,-1.724908054E-1,2.525710166E-1,-2.639801502E-1
7.284289958E0,-4.035220295E-2,5.440680981E-1,-4.306261241E-1
7.294329958E0,1.928880364E-1,6.854904294E-1,-5.585419536E-1
7.304369958E0,4.065923095E-1,4.303652048E-1,-6.253162026E-1
7.314410958E0,4.215243161E-1,-1.009805724E-1,-5.851505399E-1
7.324450958E0,3.031332493E-1,-5.781218410E-1,-4.913687110E-1
7.334491958E0,2.459027022E-1,-8.645504117E-1,-3.606738150E-1
7.344531958E0,2.411349416E-1,-9.418081641E-1,-1.857674569E-1
7.354571958E0,1.793447137E-1,-8.571841121E-1,-1.911860774E-3
7.364612958E0,8.978421241E-2,-7.100809216E-1,1.638403535E-1
7.374652958E0,3.171275184E-2,-5.274403691E-1,2.704172432E-1
7.384692958E0,1.080534048E-2,-2.866562605E-1,3.281748295E-1
7.394733958E0,3.803377971E-2,-8.782127872E-3,3.340839744E-1
7.404773958E0,6.625077128E-2,2.161921412E-1,3.099429309E-1
7.414813958E0,1.135607213E-1,3.871426582E-1,2.895163596E-1
7.424854958E0,1.901138127E-1,5.070445538E-1,2.619936466E-1
7.434894958E0,2.633499503E-1,5.492797494E-1,2.160239220E-1
7.444935958E0,3.182832599E-1,5.055487752E-1,1.506891251E-1
7.454975958E0,3.640222251E-1,3.984171152E-1,8.248199522E-2
7.465015958E0,3.895440996E-1,2.798529267E-1,2.964461222E-2
7.475056958E0,4.070106745E-1,1.668498665E-1,9.831525385E-3
7.485096958E0,4.337109923E-1,5.398936570E-2,2.673327737E-2
7.495136958E0,4.718661308E-1,-3.361904249E-2,6.401275098E-2
7.505177958E0,5.187702775E-1,-6.379745156E-2,9.760373831E-2
7.515217958E0,5.653814077E-1,-6.180375814E-2,1.201459989E-1
7.525258958E0,6.165719032E-1,-4.024573416E-2,1.421003044E-1
7.535298958E0,6.651199460E-1,4.622986075E-3,1.629788876E-1
7.545338958E0,7.123000026E-1,6.762112677E-2,1.719151288E-1
7.555379958E0,7.622975111E-1,1.339789182E-1,1.659454107E-1
7.565419958E0,8.032335043E-1,2.035971433E-1,1.440241337E-1
7.575459958E0,8.211929202E-1,2.816314697E-1,9.986246377E-2
7.585500958E0,8.249130845E-1,3.823394477E-1,5.669075996E-2
7.595540958E0,8.279182911E-1,4.679504335E-1,2.069660462E-3
7.605581958E0,8.258863091E-1,4.966017902E-1,-6.528062373E-2
7.615621958E0,8.067351580E-1,4.558779001E-1,-1.481343359E-1
7.625661958E0,7.736826539E-1,3.555084169E-1,-2.421774715E-1
7.635702958E0,7.223671079E-1,2.164560407E-1,-3.374534547E-1
7.645742958E0,6.680231690E-1,7.121869177E-2,-4.091137946E-1
7.655782958E0,6.297670603E-1,-4.125475883E-2,-4.339476228E-1
7.665823958E0,6.307614446E-1,-1.131161675E-1,-4.226648808E-1
7.675863958E0,6.621471047E-1,-1.297875494E-1,-3.928846121E-1
7.685903958E0,7.125511169E-1,-1.144924834E-1,-3.639067411E-1
7.695944958E0,7.509201169E-1,-5.186521634E-2,-3.384521306E-1
7.705984958E0,7.560642362E-1,6.738820672E-2,-3.244995475E-1
7.716025958E0,7.117577195E-1,1.919160038E-1,-3.102596402E-1
7.726065958E0,6.266620159E-1,2.677559257E-1,-2.960495651E-1
7.736105417E0,5.555071831E-1,2.443781644E-1,-2.430502176E-1
7.746146417E0,5.483832359E-1,1.161757186E-1,-1.411006749E-1
7.756186417E0,5.782884359E-1,-1.511688530E-1,-4.178266600E-2
7.766226417E0,6.283683777E-1,-5.263123512E-1,3.334990144E-2
7.776267417E0,6.729028225E-1,-8.932234645E-1,7.612792403E-2
7.786307417E0,6.726356745E-1,-1.107005477E0,8.093892783E-2
7.796348417E0,6.215200424E-1,-9.010102749E-1,4.968167096E-2
7.806388417E0,5.872544646E-1,-2.668362856E-1,2.605463937E-2
7.816428417E0,5.775097013E-1,3.849277198E-1,5.277649686E-2
7.826469417E0,5.244235992E-1,5.746273398E-1,1.365848333E-1
7.836509417E0,4.570091367E-1,3.832874596E-1,2.969452441E-1
7.846549417E0,3.973458409E-1,2.997110784E-1,4.451197982E-1
7.856590417E0,2.938441634E-1,3.870776892E-1,4.993430376E-1
7.866630417E0,1.528217793E-1,4.518606663E-1,4.498130381E-1
7.876671417E0,3.740119934E-2,3.455258906E-1,3.602553308E-1
7.886711417E0,5.057878792E-2,1.317760348E-1,2.997456491E-1
7.896751417E0,1.455918998E-1,-1.351616383E-1,2.462323755E-1
7.906792417E0,2.215844095E-1,-3.934043646E-1,1.879262030E-1
7.916832417E0,2.642581463E-1,-5.767890811E-1,1.201067194E-1
7.926872417E0,3.153085709E-1,-6.881481409E-1,3.122105449E-2
7.936913417E0,3.410766125E-1,-7.193825841E-1,-5.327523500E-2
7.946953417E0,2.749649882E-1,-6.275528073E-1,-1.018433049E-1
7.956994417E0,1.219262332E-1,-3.957247138E-1,-1.224844679E-1
7.967034417E0,-8.445649594E-2,-7.030216604E-2,-1.429476589E-1
7.977074417E0,-2.860340476E-1,2.805209458E-1,-1.544350237E-1
7.987115417E0,-4.335004687E-1,6.265372038E-1,-1.583109796E-1
7.997155417E0,-5.154788494E-1,9.258230329E-1,-1.931298673E-1
8.007195417E0,-5.583706498E-1,1.093123913E0,-2.407463938E-1
8.017236417E0,-5.401694179E-1,1.126049638E0,-2.760524750E-1
8.027276417E0,-4.891608357E-1,1.063280106E0,-2.855753899E-1
8.037317417E0,-4.430125356E-1,9.200888276E-1,-2.816160619E-1
8.047357417E0,-4.172131419E-1,7.252879143E-1,-2.652983665E-1
8.057397417E0,-4.032429755E-1,4.889141619E-1,-2.489757240E-1
8.067438417E0,-4.149771333E-1,2.617417276E-1,-2.433708310E-1
8.077478417E0,-4.474571049E-1,3.602591529E-2,-2.302568257E-1
8.087518417E0,-4.970419705E-1,-1.433811188E-1,-2.133145928E-1
8.097559417E0,-5.516876578E-1,-2.375600338E-1,-2.131652385E-1
8.107599417E0,-6.047673821E-1,-2.405158728E-1,-2.357933223E-1
8.117639417E0,-6.483476758E-1,-1.605020016E-1,-2.377102822E-1
8.127680417E0,-6.857046485E-1,-1.332453825E-2,-2.366886884E-1
8.137720417E0,-7.095188498E-1,1.347242147E-1,-2.251730710E-1
8.147761417E0,-7.106299400E-1,2.489639670E-1,-1.967571527E-1
8.157801417E0,-7.157306671E-1,3.011618257E-1,-1.567848325E-1
8.167841417E0,-7.356755733E-1,2.971324623E-1,-1.096114665E-1
8.177882417E0,-7.716149092E-1,2.618542612E-1,-6.176868826E-2
8.187922417E0,-8.149322867E-1,1.901952624E-1,-6.653769407E-3
8.197962417E0,-8.535716534E-1,9.581877291E-2,6.433873624E-2
8.208003417E0,-8.838883042E-1,1.221043337E-2,1.466847360E-1
8.218043417E0,-9.044192433E-1,-4.614702612E-2,2.284695804E-1
8.228084417E0,-9.158325195E-1,-7.226997614E-2,2.910663784E-1
8.238124417E0,-9.051086903E-1,-6.244247779E-2,3.329386115E-1
8.248164417E0,-8.972665071E-1,-3.381988779E-2,3.614916801E-1
8.258205417E0,-9.112229347E-1,-5.106016062E-3,3.826291561E-1
8.268245417E0,-9.251424670E-1,1.070969831E-2,4.002071023E-1
8.278285417E0,-8.927916884E-1,3.053933010E-2,4.019735754E-1
8.288326417E0,-7.944155931E-1,7.009259611E-2,3.912666142E-1
8.298366417E0,-6.652916670E-1,8.228391409E-2,3.627760112E-1
8.308407417E0,-5.833120942E-1,9.639805183E-3,2.655858099E-1
8.318447417E0,-5.691828728E-1,-1.981058717E-1,1.139219329E-1
8.328487417E0,-6.282688379E-1,-5.838953853E-1,-1.705232449E-2
8.338528417E0,-7.277417779E-1,-9.752858877E-1,-9.276389331E-2
8.348568417E0,-8.180040121E-1,-1.077954173E0,-1.113514230E-1
8.358608417E0,-8.706451058E-1,-9.026148915E-1,-5.804793537E-2
8.368649417E0,-8.911464214E-1,-6.963853240E-1,1.805934869E-2
8.378689417E0,-9.006233811E-1,-4.088484943E-1,1.240888163E-1
8.388730417E0,-9.298300147E-1,8.060342632E-3,1.552872211E-1
8.398770417E0,-9.391897917E-1,3.633728921E-1,4.292230308E-2
8.408810417E0,-8.812324405E-1,4.550769627E-1,-1.744941771E-1
8.418851417E0,-7.261536717E-1,4.339831471E-1,-3.747644126E-1
8.428891417E0,-4.716795683E-1,5.755277276E-1,-4.845140874E-1
8.438931417E0,-1.696504354E-1,7.437515259E-1,-5.159903765E-1
8.448972417E0,9.138541669E-2,7.319803834E-1,-5.031651258E-1
8.459012417E0,2.256438285E-1,4.583860636E-1,-4.665226936E-1
8.469053417E0,2.138668001E-1,2.191393822E-2,-3.778314292E-1
8.479093417E0,1.173059195E-1,-2.857290506E-1,-2.559399605E-1
8.489133417E0,6.129217893E-2,-4.222514629E-1,-1.174625009E-1
8.499174417E0,2.971585654E-2,-4.197826982E-1,-6.663877983E-3
8.509214417E0,-2.299068961E-3,-3.486078382E-1,8.828580379E-2
8.519254417E0,-1.155035105E-3,-2.698059976E-1,1.649776846E-1
8.529295417E0,4.529342055E-2,-1.735327542E-1,2.110897750E-1
8.539335417E0,1.236482784E-1,-3.178470582E-2,2.049372047E-1
8.549376417E0,2.076276094E-1,1.229723841E-1,1.719140112E-1
8.559416417E0,2.795405984E-1,2.469737828E-1,1.656197459E-1
8.569456417E0,3.371050954E-1,3.365153670E-1,1.904688925E-1
8.579497417E0,3.900071681E-1,4.141780138E-1,2.119514942E-1
8.589537417E0,4.436307251E-1,4.904426932E-1,2.190312296E-1
8.599577417E0,4.934293330E-1,5.343421698E-1,2.006958723E-1
8.609618417E0,5.424135923E-1,5.240117311E-1,1.613657773E-1
8.619658417E0,5.833675861E-1,4.722329080E-1,1.279885620E-1
8.629699417E0,6.122631431E-1,3.749226034E-1,1.065290719E-1
8.639739417E0,6.352739930E-1,2.593264878E-1,1.122272313E-1
8.649779417E0,6.749452353E-1,1.671728641E-1,1.419198662E-1
8.659820417E0,7.203806639E-1,1.102785394E-1,1.825087816E-1
8.669860417E0,7.618075013E-1,1.002674475E-1,2.226849645E-1
8.679900417E0,7.946642041E-1,1.394477636E-1,2.488785684E-1
8.689941417E0,8.228985071E-1,2.128207833E-1,2.610297799E-1
8.699981417E0,8.468261957E-1,2.817131579E-1,2.674292028E-1
8.710022417E0,8.747355938E-1,3.157760501E-1,2.606024444E-1
8.720062417E0,9.008798003E-1,3.112806380E-1,2.300002575E-1
8.730103333E0,9.262743592E-1,2.810260653E-1,1.739428490E-1
8.740144333E0,9.541725516E-1,2.523069382E-1,1.014408544E-1
8.750184333E0,9.775399566E-1,2.294724584E-1,1.614832878E-2
8.760224333E0,9.921717048E-1,2.060970515E-1,-8.683278412E-2
8.770265333E0,9.862605929E-1,1.704937816E-1,-1.966101378E-1
8.780305333E0,9.476744533E-1,1.161714047E-1,-2.962619960E-1
8.790346333E0,8.865562081E-1,4.369188473E-2,-3.722803295E-1
8.800386333E0,8.129766583E-1,-5.431057140E-2,-4.093016386E-1
8.810426333E0,7.525892258E-1,-1.860853732E-1,-4.156056046E-1
8.820467333E0,7.212620974E-1,-3.306212723E-1,-3.971997797E-1
8.830507333E0,7.259548306E-1,-4.454711676E-1,-3.597658575E-1
8.840547333E0,7.641427517E-1,-5.337796211E-1,-3.085889518E-1
8.850588333E0,8.233515024E-1,-5.786491036E-1,-2.549126744E-1
8.860628333E0,8.867101073E-1,-5.774669647E-1,-2.255209833E-1
8.870669333E0,9.395450950E-1,-5.577611923E-1,-2.363717705E-1
8.880709333E0,9.652411938E-1,-5.323726535E-1,-2.784324884E-1
8.890749333E0,9.591090083E-1,-4.942335188E-1,-3.221890032E-1
8.900790333E0,9.534385800E-1,-4.544990659E-1,-3.347653747E-1
8.910830333E0,9.650164247E-1,-4.571883380E-1,-2.986838222E-1
8.920870333E0,9.693269134E-1,-5.627048016E-1,-2.419687808E-1
8.930911333E0,9.466990829E-1,-8.191406131E-1,-1.421779990E-1
8.940951333E0,9.005815387E-1,-1.093231320E0,-3.192929924E-2
8.950992333E0,7.781072855E-1,-1.101928711E0,1.319468487E-3
8.961032333E0,6.022098064E-1,-6.669297218E-1,1.497097965E-2
8.971072333E0,3.048694432E-1,-3.058548644E-2,9.332970530E-2
8.981113333E0,-9.987953305E-2,3.009549677E-1,2.990602851E-1
8.991153333E0,-4.350191653E-1,3.778388202E-1,5.556880832E-1
9.001193333E0,-5.730859637E-1,4.243888557E-1,7.329990864E-1
9.011234333E0,-5.763022304E-1,3.684749901E-1,7.664004564E-1
9.021274333E0,-5.561020374E-1,2.489427775E-1,6.531710029E-1
9.031315333E0,-5.038622618E-1,1.583353728E-1,4.542892873E-1
9.041355333E0,-3.844591975E-1,1.752863973E-1,2.256933600E-1
9.051395333E0,-2.207996994E-1,1.512140781E-1,2.742235363E-2
9.061436333E0,-9.151706845E-2,-9.750987589E-2,-1.110192463E-1
9.071476333E0,2.598265745E-2,-3.277329504E-1,-1.993893236E-1
9.081516333E0,1.553637385E-1,-4.688267112E-1,-2.150514126E-1
9.091557333E0,2.315013856E-1,-5.003899336E-1,-1.663469821E-1
9.101597333E0,2.240602672E-1,-4.285570085E-1,-9.574104100E-2
9.111638333E0,1.350395828E-1,-2.644026875E-1,-4.487865418E-2
9.121678333E0,-1.190447900E-2,-4.309158027E-2,-2.648302820E-3
9.131718333E0,-1.802612692E-1,1.984304935E-1,4.539059475E-2
9.141759333E0,-3.152827621E-1,4.247414470E-1,7.513111085E-2
9.151799333E0,-3.968407512E-1,6.217256188E-1,1.055854186E-1
9.161839333E0,-4.432612658E-1,7.837301493E-1,1.089317128E-1
9.171880333E0,-4.533807337E-1,8.932102919E-1,7.809203863E-2
9.181920333E0,-4.321174324E-1,9.427422285E-1,3.967707604E-2
9.191961333E0,-3.993613720E-1,9.132682085E-1,-1.246255822E-2
9.202001333E0,-3.568767309E-1,7.892848849E-1,-5.564955249E-2
9.212041333E0,-3.177231848E-1,6.053501964E-1,-9.443502873E-2
9.222082333E0,-2.884713709E-1,3.965019882E-1,-1.291026026E-1
9.232122333E0,-2.643939853E-1,2.211834341E-1,-1.616323143E-1
9.242162333E0,-2.438143790E-1,1.169054955E-1,-1.930868775E-1
9.252203333E0,-2.413823903E-1,9.509208053E-2,-2.113851905E-1
9.262243333E0,-2.600599229E-1,1.093000397E-1,-2.196348757E-1
9.272284333E0,-3.139239550E-1,1.539327651E-1,-2.057603300E-1
9.282324333E0,-3.914126456E-1,2.095831335E-1,-1.701859981E-1
9.292364333E0,-4.698845744E-1,2.361681312E-1,-1.111194789E-1
9.302405333E0,-5.433415174E-1,2.313451320E-1,-3.654673323E-2
9.312445333E0,-5.986031294E-1,2.118247002E-1,4.109506309E-2
9.322485333E0,-6.407854557E-1,1.794574559E-1,1.171715036E-1
9.332526333E0,-6.712602377E-1,1.383936405E-1,1.755645126E-1
9.342566333E0,-6.941516995E-1,8.412560076E-2,2.195292711E-1
9.352607333E0,-7.065551281E-1,8.259069175E-3,2.557815611E-1
9.362647333E0,-6.984319687E-1,-1.022205725E-1,2.878015339E-1
9.372687333E0,-6.765096188E-1,-2.318683118E-1,3.251664937E-1
9.382728333E0,-6.503451467E-1,-3.650751114E-1,3.636856973E-1
9.392768333E0,-6.331416368E-1,-4.725818634E-1,3.865973949E-1
9.402808333E0,-6.372032762E-1,-5.267478228E-1,4.070804417E-1
9.412849333E0,-6.712344885E-1,-5.199781060E-1,4.263795614E-1
9.422889333E0,-7.236045003E-1,-4.921086431E-1,4.242109954E-1
9.432930333E0,-7.764083147E-1,-4.722044468E-1,4.105795920E-1
9.442970333E0,-8.120682240E-1,-4.751003683E-1,4.056072235E-1
9.453010333E0,-8.248572946E-1,-4.867998958E-1,4.039997160E-1
9.463051333E0,-8.275007606E-1,-4.945106804E-1,3.660586178E-1
9.473091333E0,-8.410719633E-1,-5.527356267E-1,2.805295885E-1
9.483131333E0,-8.606442809E-1,-7.038658261E-1,1.421421766E-1
9.493172333E0,-8.775631189E-1,-9.517410994E-1,3.082553623E-3
9.503212333E0,-8.734533787E-1,-1.144655228E0,-1.175634116E-1
9.513253333E0,-8.075878024E-1,-1.027790666E0,-2.056687623E-1
9.523293333E0,-7.105751634E-1,-6.348814368E-1,-2.398240268E-1
9.533333333E0,-6.105822325E-1,-1.432424635E-1,-2.446896285E-1
9.543374333E0,-4.679934680E-1,4.143185318E-1,-2.609264553E-1
9.553414333E0,-3.221558630E-1,9.391082525E-1,-3.634477556E-1
9.563454333E0,-1.798685044E-1,1.266570687E0,-5.822409987E-1
9.573495333E0,3.739431873E-2,1.344354749E0,-8.759096265E-1
9.583535333E0,2.742437124E-1,1.389159203E0,-1.059425831E0
9.593576333E0,3.536807597E-1,1.179696560E0,-9.827541709E-1
9.603616333E0,1.987352222E-1,4.094853699E-1,-7.434040904E-1
9.613656333E0,4.250327870E-2,-4.633693993E-1,-4.875281453E-1
9.623697333E0,-3.157648444E-2,-9.746233225E-1,-1.866087914E-1
9.633737333E0,-1.892294884E-1,-1.140442133E0,1.008687988E-1
9.643778333E0,-3.926187158E-1,-1.099714160E0,2.918026745E-1
9.653818333E0,-5.282236934E-1,-8.918146491E-1,3.712460995E-1
9.663858333E0,-5.590211153E-1,-5.420801640E-1,3.720446229E-1
9.673899333E0,-4.981500804E-1,-1.617200226E-1,3.476103842E-1
9.683939333E0,-3.503765464E-1,1.837344766E-1,3.197376132E-1
9.693979333E0,-1.635571420E-1,4.802500308E-1,2.500506639E-1
9.704020333E0,-1.213381439E-2,7.573195100E-1,1.467561722E-1
9.714060333E0,6.674448401E-2,9.703881145E-1,3.113743104E-2
9.724101333E0,9.731472284E-2,1.116593480E0,-4.031798244E-2
9.734140458E0,1.044783592E-1,1.168205261E0,-6.039023027E-2
9.744180458E0,7.602549344E-2,1.107573628E0,-4.091549665E-2
9.754221458E0,2.756181918E-2,9.540610313E-1,1.228141133E-2
9.764261458E0,-2.404370345E-2,7.605326176E-1,9.524262697E-2
9.774301458E0,-6.479272991E-2,5.387368798E-1,1.953175664E-1
9.784342458E0,-8.530173451E-2,3.274638057E-1,3.095029891E-1
9.794382458E0,-9.086987376E-2,1.599163413E-1,4.191605151E-1
9.804423458E0,-7.061738521E-2,5.655639246E-2,5.113189220E-1
9.814463458E0,-1.999974810E-2,-2.077894052E-3,5.697529316E-1
9.824503458E0,3.737220541E-2,-2.290402539E-2,5.928304791E-1
9.834544458E0,1.001745984E-1,-3.158992901E-2,5.869752169E-1
9.844584458E0,1.892169267E-1,-3.383426741E-2,5.606386662E-1
9.854624458E0,2.966927886E-1,-4.082533345E-2,5.153353214E-1
9.864665458E0,4.036485255E-1,-5.277520791E-2,4.512937367E-1
9.874705458E0,4.992980659E-1,-9.333488345E-2,3.618165851E-1
9.884746458E0,5.716435313E-1,-1.720332801E-1,2.494059205E-1
9.894786458E0,6.259653568E-1,-2.627394795E-1,1.258469671E-1
9.904826458E0,6.761835217E-1,-3.559975326E-1,2.376392949E-4
9.914867458E0,7.217182517E-1,-4.490749538E-1,-1.444322318E-1
9.924907458E0,7.768514156E-1,-5.440102220E-1,-2.827208042E-1
9.934947458E0,8.404993415E-1,-6.096483469E-1,-4.049891829E-1
9.944988458E0,9.013580680E-1,-6.026608944E-1,-5.244665146E-1
9.955028458E0,9.255435467E-1,-5.058201551E-1,-6.521797180E-1
9.965069458E0,9.164161682E-1,-3.606263101E-1,-7.456889749E-1
9.975109458E0,8.992167115E-1,-1.929259896E-1,-7.714007497E-1
9.985149458E0,8.721166253E-1,2.830073424E-2,-7.442746758E-1
9.995190458E0,7.973832488E-1,2.508757412E-1,-6.985449791E-1
1.000523046E1,6.640372276E-1,3.580123186E-1,-6.251348853E-1
1.001527146E1,5.028163791E-1,3.296592534E-1,-4.776629210E-1
1.002531146E1,3.226234615E-1,1.792743355E-1,-3.028402627E-1
1.003535146E1,1.333049387E-1,-7.721387781E-3,-1.710771918E-1
1.004539246E1,-2.728973702E-2,-1.872939020E-1,-5.768279731E-2
1.005543246E1,-1.343370974E-1,-3.364447653E-1,4.970145226E-2
1.006547246E1,-1.775432229E-1,-4.256434143E-1,1.534672379E-1
1.007551346E1,-1.587253213E-1,-4.717864096E-1,2.116248161E-1
1.008555346E1,-8.678462356E-2,-4.800816476E-1,2.163212299E-1
1.009559446E1,1.493720803E-2,-4.560756385E-1,1.674426347E-1
1.010563446E1,1.357388347E-1,-3.968405724E-1,7.946632802E-2
1.011567446E1,2.570868433E-1,-2.982783318E-1,-1.994574443E-2
1.012571546E1,3.590837121E-1,-1.622315496E-1,-1.149442196E-1
1.013575546E1,4.147834480E-1,-8.955447003E-3,-1.920509785E-1
1.014579546E1,4.157321155E-1,1.598521620E-1,-2.384125590E-1
1.015583646E1,3.740557730E-1,2.993157804E-1,-2.373118699E-1
1.016587646E1,3.020164669E-1,3.779314458E-1,-1.996062547E-1
1.017591746E1,2.117896080E-1,3.913332820E-1,-1.377122700E-1
1.018595746E1,1.212215871E-1,3.521771431E-1,-8.122191578E-2
1.019599746E1,5.555309355E-2,2.706415355E-1,-3.830028325E-2
1.020603846E1,2.740290947E-2,1.601476520E-1,-4.239702132E-3
1.021607846E1,3.932215273E-2,4.613666609E-2,2.934142761E-2
1.022611846E1,7.138533145E-2,-5.380377173E-2,5.626815557E-2
1.023615946E1,1.012596115E-1,-1.337010115E-1,5.258287489E-2
1.024619946E1,1.088068038E-1,-1.976282597E-1,3.829421848E-2
1.025624046E1,9.041953832E-2,-2.433283776E-1,3.205549717E-2
1.026628046E1,5.724163353E-2,-2.573832572E-1,3.449769691E-2
1.027632046E1,2.344185859E-2,-2.449777126E-1,3.729747981E-2
1.028636146E1,-2.580401720E-3,-2.131575197E-1,4.048402980E-2
1.029640146E1,-1.574094407E-2,-1.555773169E-1,4.028908908E-2
1.030644246E1,-2.921661735E-2,-7.701859623E-2,3.794861212E-2
1.031648246E1,-4.143520072E-2,-1.315013692E-2,2.897588722E-2
1.032652246E1,-4.978854954E-2,2.391413040E-2,1.267568208E-2
1.033656346E1,-5.789734423E-2,4.364522547E-2,-5.169095937E-3
1.034660346E1,-6.211177632E-2,7.248160988E-2,-1.674259268E-2
1.035664346E1,-7.152418792E-2,1.035409942E-1,-1.457371470E-2
1.036668446E1,-8.932546526E-2,1.146142706E-1,-1.301552542E-2
1.037672446E1,-1.098155603E-1,1.148222610E-1,-5.176776089E-3
1.038676546E1,-1.349289268E-1,9.205804020E-2,5.944337696E-3
1.039680546E1,-1.568608582E-1,5.924550071E-2,1.785133034E-2
1.040684546E1,-1.799225509E-1,2.376803383E-2,3.295290843E-2
1.041688646E1,-1.958335936E-1,-1.035185345E-2,4.838219658E-2
1.042692646E1,-2.002299130E-1,-3.879680857E-2,6.065380201E-2
1.043696646E1,-1.937949210E-1,-4.475563020E-2,7.758964598E-2
1.044700746E1,-1.823367029E-1,-5.555496365E-2,9.682052583E-2
1.045704746E1,-1.679926515E-1,-8.550167829E-2,1.093288586E-1
1.046708846E1,-1.489933282E-1,-1.119001508E-1,1.143549979E-1
1.047712846E1,-1.265431494E-1,-1.258409917E-1,1.138588488E-1
1.048716846E1,-9.950381517E-2,-1.135687828E-1,1.044939831E-1
1.049720946E1,-7.002501935E-2,-8.598748595E-2,9.126633406E-2
1.050724946E1,-4.361181334E-2,-4.000343010E-2,7.375810295E-2
1.051729046E1,-2.237976156E-2,-4.360748455E-3,6.116268039E-2
1.052733046E1,-5.266304128E-3,2.303316444E-2,4.210338369E-2
1.053737046E1,5.592735019E-3,3.768853843E-2,3.153622523E-2
1.054741146E1,8.376025595E-3,3.642055765E-2,2.846434340E-2
1.055745146E1,9.284962900E-3,2.478733659E-2,2.315559797E-2
1.056749146E1,7.066919934E-3,1.335813105E-2,2.570543066E-2
1.057753246E1,2.298263833E-3,8.410777897E-3,3.221552819E-2
1.058757246E1,-1.243844861E-3,1.188538596E-2,3.911964968E-2
1.059761346E1,-5.991995335E-3,1.863197237E-2,3.944269195E-2
1.060765346E1,-1.175140031E-2,1.777735725E-2,3.902133554E-2
1.061769346E1,-1.861117035E-2,7.531910203E-3,3.607001901E-2
1.062773446E1,-2.537768707E-2,-7.532095071E-3,3.240671754E-2
1.063777446E1,-2.899186313E-2,-2.008730173E-2,2.677199990E-2
1.064781446E1,-2.953165583E-2,-2.531795762E-2,2.404649928E-2
1.065785546E1,-2.811272256E-2,-1.839373820E-2,1.899394952E-2
1.066789546E1,-2.941973694E-2,-7.930062711E-3,1.282284129E-2
1.067793646E1,-2.988898568E-2,1.278349431E-3,2.937187208E-3
1.068797646E1,-2.888454869E-2,6.490139291E-3,3.695189953E-4
1.069801646E1,-2.211319469E-2,5.310624838E-3,-4.006671952E-4
1.070805746E1,-1.421748102E-2,-4.207516089E-3,4.852663726E-3
1.071809746E1,-7.836814038E-3,-1.496295817E-2,5.689695012E-3
1.072813846E1,-5.776001140E-3,-1.418072544E-2,4.850795958E-3
1.073817904E1,-7.303766906E-4,-1.249734219E-2,-9.738035733E-4
1.074821904E1,1.339933020E-3,-1.239886321E-2,-4.600472283E-3
1.075826004E1,7.716340013E-3,-2.041763999E-2,-7.557912730E-3
1.076830004E1,1.631916501E-2,-1.153210923E-2,-5.290110596E-3
1.077834004E1,2.047263086E-2,-1.519262232E-2,1.103340415E-3
1.078838104E1,2.060737088E-2,-2.360890619E-2,4.367189948E-3
1.079842104E1,1.720438339E-2,-1.644899882E-2,9.271668270E-3
1.080846204E1,1.091743261E-2,-7.764433511E-3,8.383749053E-3
1.081850204E1,6.725084502E-3,-6.370002404E-3,9.029565379E-3
1.082854204E1,7.557369769E-3,-6.767127197E-3,5.801640917E-3
1.083858304E1,1.159046032E-2,1.584233250E-4,1.128349174E-2
1.084862304E1,1.467573829E-2,-7.228065282E-3,1.316283550E-2
1.085866304E1,1.294734702E-2,-1.524604484E-2,1.126826275E-2
1.086870404E1,1.112895086E-2,-2.305698767E-2,9.495301172E-3
1.087874404E1,7.059374824E-3,-2.071820013E-2,1.024311688E-2
1.088878504E1,-4.794700071E-4,-2.330513671E-2,1.304527558E-2
1.089882504E1,-2.754076151E-3,-3.552105650E-2,1.870795526E-2
1.090886504E1,-4.056090489E-3,-4.786209017E-2,2.625637129E-2
1.091890604E1,-8.240182884E-3,-5.526541173E-2,3.249562532E-2
1.092894604E1,-1.360759046E-2,-5.002719909E-2,3.199828416E-2
1.093898604E1,-1.794960909E-2,-3.860303760E-2,2.513185702E-2
1.094902704E1,-1.800599881E-2,-3.431065008E-2,2.153649740E-2
1.095906704E1,-1.884249784E-2,-3.102936968E-2,1.758489944E-2
1.096910804E1,-1.784363016E-2,-2.650765330E-2,1.729298942E-2
1.097914804E1,-2.022556216E-2,-1.951925270E-2,1.802935265E-2
1.098918804E1,-2.446206659E-2,-9.565413930E-3,2.573445998E-2
1.099922904E1,-3.350216523E-2,-3.125624498E-3,3.249622509E-2
1.100926904E1,-4.292177781E-2,-2.461806638E-3,3.485508263E-2
1.101931004E1,-5.230036750E-2,-4.414436407E-3,4.031536356E-2
1.102935004E1,-5.651394278E-2,-1.424361859E-2,4.091200233E-2
1.103939004E1,-5.749212205E-2,-2.044798434E-2,4.190562665E-2
1.104943104E1,-5.774945393E-2,-1.771873608E-2,4.584137350E-2
1.105947104E1,-5.514754355E-2,-1.691925526E-2,4.821504653E-2
1.106951104E1,-5.580323189E-2,-2.027979307E-2,5.147223920E-2
1.107955204E1,-5.484156683E-2,-2.509159222E-2,5.209195614E-2
1.108959204E1,-5.709669739E-2,-2.594880573E-2,5.651278049E-2
1.109963304E1,-5.786954612E-2,-2.710861340E-2,5.750800297E-2
1.110967304E1,-5.691668391E-2,-2.940388583E-2,5.847300962E-2
1.111971304E1,-5.392941460E-2,-2.604644001E-2,5.363058671E-2
1.112975404E1,-4.701054096E-2,-1.926939003E-2,5.350050330E-2
1.113979404E1,-4.336121306E-2,-1.792342775E-2,5.220647156E-2
1.114983504E1,-4.299180210E-2,-2.674328163E-2,5.098623410E-2
1.115987504E1,-4.356411472E-2,-2.703942545E-2,4.924479499E-2
1.116991504E1,-4.284162074E-2,-2.351228520E-2,4.725400731E-2
1.117995604E1,-4.008551687E-2,-1.996868290E-2,4.536103457E-2
1.118999604E1,-3.494008258E-2,-1.131000835E-2,4.305047914E-2
1.120003604E1,-3.138396144E-2,3.975140862E-4,4.482947290E-2
1.121007704E1,-2.585117705E-2,-2.773342421E-3,4.336596280E-2
1.122011704E1,-2.306151576E-2,-1.445902698E-2,3.937921301E-2
1.123015804E1,-1.799597405E-2,-2.173111588E-2,3.228881583E-2
1.124019804E1,-1.605026983E-2,-1.672064513E-2,2.449001372E-2
1.125023804E1,-1.514202077E-2,-2.965081716E-3,2.409432456E-2
1.126027904E1,-1.616041362E-2,-1.176503021E-3,2.133528888E-2
1.127031904E1,-1.927740127E-2,-1.146562956E-2,2.219918743E-2
1.128036004E1,-2.413474396E-2,-2.248632349E-2,2.178852819E-2
1.129040004E1,-2.897345461E-2,-2.290886268E-2,1.913935877E-2
1.130044004E1,-3.143607825E-2,-8.675863966E-3,1.779819094E-2
1.131048104E1,-2.919989452E-2,1.881269040E-3,1.756126806E-2
1.132052104E1,-2.676336654E-2,-5.971593782E-3,2.176000737E-2
1.133056104E1,-1.994264498E-2,-2.019344456E-2,2.377190813E-2
1.134060204E1,-1.554310322E-2,-2.798212692E-2,2.371172234E-2
1.135064204E1,-1.402136218E-2,-2.432390116E-2,2.398353443E-2
1.136068304E1,-1.148656569E-2,-1.659700461E-2,2.011236548E-2
1.137072304E1,-1.072330959E-2,-8.085596375E-3,1.895100810E-2
1.138076304E1,-8.084116504E-3,-3.165405476E-3,2.042347006E-2
1.139080404E1,-2.602019813E-3,-1.208934188E-2,2.125855908E-2
1.140084404E1,1.134128659E-3,-2.935248613E-2,1.900579035E-2
1.141088404E1,4.522483796E-3,-4.261672869E-2,1.491689868E-2
1.142092504E1,2.981845522E-3,-4.055863619E-2,1.428679470E-2
1.143096504E1,5.031680688E-3,-2.354822867E-2,1.353471819E-2
1.144100604E1,3.055348760E-3,-1.073336508E-2,1.735449024E-2
1.145104604E1,9.528142400E-4,-9.945808910E-3,1.569106430E-2
1.146108604E1,1.933123800E-3,-9.576695040E-3,1.537707914E-2
1.147112704E1,1.268869033E-3,-1.230548602E-2,1.313632727E-2
1.148116704E1,1.631058985E-3,-1.528183557E-2,9.950387292E-3
1.149120804E1,3.776282072E-3,-1.872561499E-2,9.006404318E-3
1.150124804E1,2.698500641E-3,-1.904146560E-2,4.201529082E-3
1.151128804E1,8.808674756E-4,-1.382699981E-2,4.166344181E-3
1.152132904E1,-1.296799397E-3,-1.051003393E-2,3.210002789E-3
1.153136904E1,1.687981421E-3,-1.100150589E-2,2.263272181E-3
1.154140904E1,2.859506058E-3,-1.387612149E-2,1.562061836E-3
1.155145004E1,5.696692504E-3,-1.309031155E-2,-1.683038194E-3
1.156149004E1,6.421871483E-3,-1.298804674E-2,-7.546602865E-4
1.157153104E1,4.785498604E-3,-9.210851043E-3,-1.775894663E-3
1.158157104E1,5.192429759E-3,-7.965556346E-3,-1.432346995E-3
1.159161104E1,8.114524186E-3,-3.632636508E-3,-4.502055235E-3
1.160165204E1,1.613995992E-2,1.227442455E-2,-2.403217833E-3
1.161169204E1,1.543694362E-2,4.000012204E-2,6.198007613E-3
1.162173304E1,5.108938552E-3,6.139249727E-2,6.768190302E-3
1.163177304E1,3.136856947E-3,6.856268644E-2,1.049031783E-2
1.164181304E1,-2.004516125E-2,9.385978431E-2,5.704883952E-3
1.165185404E1,-1.794561557E-2,9.407911450E-2,8.891901001E-3
1.166189404E1,-2.896337956E-2,1.035836712E-1,8.708675392E-3
1.167193404E1,-2.304227278E-2,1.810674965E-1,1.609378122E-2
1.168197504E1,-3.933975101E-2,2.673395276E-1,1.421385631E-2
1.169201504E1,-1.879584044E-2,3.071055412E-1,1.158965845E-2
1.170205604E1,-9.794622660E-3,2.794542015E-1,5.797816440E-3
1.171209604E1,1.399375033E-2,1.868124753E-1,-6.653108168E-3
1.172213604E1,4.824599624E-2,5.145038292E-2,-1.929353550E-2
1.173217667E1,9.346856922E-2,-1.132859513E-1,-3.265454993E-2
1.174221667E1,1.426614076E-1,-2.771433294E-1,-5.343279615E-2
1.175225667E1,1.764795929E-1,-4.099649787E-1,-7.344593853E-2
1.176229767E1,1.882821918E-1,-4.877271354E-1,-6.979448348E-2
1.177233767E1,1.648561805E-1,-5.090704560E-1,-4.453476518E-2
1.178237867E1,9.929075092E-2,-4.582304358E-1,-1.900220755E-3
1.179241867E1,2.022764087E-2,-3.377898932E-1,3.643877059E-2
1.180245867E1,-5.368866026E-2,-1.956500709E-1,6.404776126E-2
1.181249967E1,-9.260828048E-2,-8.998881280E-2,7.592976838E-2
1.182253967E1,-1.001615375E-1,-3.754292056E-2,6.963405013E-2
1.183258067E1,-8.816051483E-2,-4.303041101E-2,5.347460881E-2
1.184262067E1,-7.301512361E-2,-8.778855950E-2,3.356641531E-2
1.185266067E1,-5.937449634E-2,-1.524411887E-1,1.448964979E-2
1.186270167E1,-5.263004079E-2,-2.224724591E-1,1.852151938E-3
1.187274167E1,-5.659167096E-2,-2.720231712E-1,-3.656542627E-3
1.188278267E1,-6.293079257E-2,-2.798666954E-1,-4.599568434E-3
1.189282267E1,-5.863657594E-2,-2.531860769E-1,-1.042889804E-2
1.190286267E1,-4.911257699E-2,-1.890989542E-1,-1.817257144E-2
1.191290367E1,-2.836040221E-2,-1.120318696E-1,-2.960256487E-2
1.192294367E1,-9.463408962E-3,-3.622525558E-2,-3.771934658E-2
1.193298367E1,-2.092615003E-3,4.225798696E-2,-3.948654979E-2
1.194302467E1,-9.789949283E-3,1.015274376E-1,-3.953555226E-2
1.195306467E1,-2.415362000E-2,1.290742457E-1,-3.100599349E-2
1.196310567E1,-4.410415888E-2,1.267050803E-1,-1.556072291E-2
1.197314567E1,-6.394465268E-2,1.009725705E-1,-1.427522395E-3
1.198318567E1,-7.733209431E-2,6.240892410E-2,1.051861979E-2
1.199322667E1,-8.461694419E-2,2.648836374E-2,2.422596514E-2
1.200326667E1,-8.732884377E-2,-4.474078305E-3,3.483226895E-2
1.201330667E1,-8.763098717E-2,-3.361472860E-2,3.918511793E-2
1.202334767E1,-8.520697802E-2,-6.434015185E-2,3.830840439E-2
1.203338767E1,-7.406760007E-2,-9.262066334E-2,2.850379050E-2
1.204342867E1,-5.929930881E-2,-1.079125330E-1,1.851081103E-2
1.205346867E1,-3.948839754E-2,-1.093495861E-1,8.043954149E-3
1.206350867E1,-2.148702741E-2,-1.061178371E-1,-3.644659882E-3
1.207354967E1,-5.661705509E-3,-1.045788452E-1,-1.016080566E-2
1.208358967E1,4.402646795E-3,-9.916783124E-2,-1.901554875E-2
1.209363067E1,7.155869622E-3,-9.665385634E-2,-1.959866658E-2
1.210367067E1,6.438680459E-3,-8.970380574E-2,-1.977603324E-2
1.211371067E1,5.153966136E-3,-8.891875297E-2,-2.168653905E-2
1.212375167E1,6.539609283E-3,-9.715458006E-2,-2.167482115E-2
1.213379167E1,1.024092175E-2,-1.071110740E-1,-2.307583019E-2
1.214383167E1,2.033669874E-2,-1.148448884E-1,-2.303854562E-2
1.215387267E1,2.963102236E-2,-1.191382408E-1,-2.187564224E-2
1.216391267E1,3.862052411E-2,-1.206317395E-1,-1.725212857E-2
1.217395367E1,4.191529751E-2,-1.211469248E-1,-1.833627932E-2
1.218399367E1,4.555317387E-2,-1.313902289E-1,-1.041790191E-2
1.219403367E1,4.514214769E-2,-1.460289657E-1,-1.795650751E-4
1.220407467E1,5.209246650E-2,-1.410917342E-1,2.136567421E-2
1.221411467E1,5.502514541E-2,-1.438741386E-1,9.906047024E-3
1.222415567E1,6.083776057E-2,-1.340822279E-1,-6.505150814E-3
1.223419567E1,6.978671998E-2,-1.288686842E-1,2.127239713E-3
1.224423567E1,7.809738070E-2,-1.316058785E-1,8.082866669E-3
1.225427667E1,9.441217035E-2,-1.742361635E-1,-3.396156477E-3
1.226431667E1,1.026943326E-1,-2.348560989E-1,-6.152261980E-3
1.227435767E1,1.064856499E-1,-2.806157470E-1,-8.414142765E-3
1.228439767E1,1.099637374E-1,-2.900316417E-1,-9.306834079E-3
1.229443767E1,1.087350100E-1,-2.260409147E-1,-5.172105879E-2
1.230447867E1,8.569493890E-2,-1.471455693E-1,-5.714378506E-2
1.231451867E1,6.197115034E-2,-1.550884694E-1,-3.330381215E-2
1.232455867E1,4.453517124E-2,-1.908848137E-1,-2.272414230E-2
1.233459967E1,2.296031080E-2,-2.365927100E-1,-8.892227896E-3
1.234463967E1,-8.067380637E-3,-2.704148591E-1,-3.126484342E-3
1.235468067E1,-3.919199482E-2,-2.671323419E-1,1.556796394E-2
1.236472067E1,-6.778022647E-2,-2.418379039E-1,2.399074472E-2
1.237476067E1,-1.075039208E-1,-2.639928460E-1,-2.355880849E-2
1.238480167E1,-1.453618258E-1,-3.037317395E-1,-9.715952724E-2
1.239484167E1,-1.505723149E-1,-3.199575841E-1,-1.125121489E-1
1.240488167E1,-1.155291200E-1,-3.005644381E-1,-9.301860631E-2
1.241492267E1,-8.868547529E-2,-2.718050778E-1,-9.808804840E-2
1.242496267E1,-5.059295520E-2,-1.935502142E-1,-8.317860216E-2
1.243500367E1,-1.458277646E-2,-9.537219256E-2,-4.881191999E-2
1.244504367E1,9.935348295E-3,-1.705581695E-2,-1.802870631E-2
1.245508367E1,6.670468301E-2,1.941522583E-2,-2.574044839E-2
1.246512467E1,4.395543039E-2,3.061461635E-2,5.191188538E-4
1.247516467E1,-1.982568018E-2,-3.099974617E-2,-8.927113377E-3
1.248520567E1,-7.639786601E-2,-1.306125224E-1,7.633602619E-2
1.249524567E1,-6.880529970E-2,-2.724548876E-1,1.080940962E-1
1.250528567E1,-1.262422204E-1,-2.903473377E-1,8.391472697E-2
1.251532667E1,-1.731152236E-1,-2.553704977E-1,9.233592451E-2
1.252536667E1,-2.172834873E-1,-2.346668094E-1,-6.510536373E-2
1.253540767E1,-2.093777955E-1,-1.354117393E-1,-2.747304365E-2
1.254544767E1,-1.966236532E-1,-7.749332488E-2,7.711035758E-2
1.255548767E1,-2.236987650E-1,-2.053467482E-1,8.256079257E-2
1.256552867E1,-2.450376153E-1,-3.530712426E-1,8.381833881E-2
1.257556867E1,-2.837638557E-1,-4.425327480E-1,5.817976221E-2
1.258560867E1,-3.268082738E-1,-5.710042119E-1,4.485756531E-2
1.259564967E1,-2.946615219E-1,-5.344287157E-1,5.909446627E-2
1.260568967E1,-3.978556022E-2,4.610707611E-2,9.148915112E-2
1.261573067E1,-2.096283995E-2,1.720743775E-1,7.645906508E-2
1.262577067E1,2.271908801E-3,1.415375173E-1,6.535554677E-2
1.263581067E1,-9.357453883E-2,-1.606213450E-1,5.034895614E-3
1.264585167E1,-1.276765913E-1,-3.185766041E-1,4.951804876E-3
1.265589167E1,-1.456270367E-1,-3.328897059E-1,2.083464898E-2
1.266593267E1,-2.181414515E-1,-7.129513472E-2,5.965767801E-2
1.267597267E1,-5.678078160E-2,-1.511888951E-1,6.049284711E-2
1.268601267E1,4.248828068E-2,-4.753437936E-1,9.432856925E-3
1.269605367E1,6.292977929E-2,-6.685582399E-1,-7.181850821E-2
1.270609367E1,2.493232861E-2,-7.214499712E-1,-3.644454107E-2
1.271613367E1,3.015699610E-2,-6.877755523E-1,6.394605339E-2
1.272617467E1,1.166583300E-1,-9.267082810E-1,1.217789948E-1
1.273621446E1,2.588599622E-1,-1.213623881E0,1.600120962E-1
1.274625546E1,3.126182556E-1,-1.442826152E0,1.585750580E-1
1.275629546E1,2.630779445E-1,-1.681207418E0,1.959985048E-1
1.276633546E1,1.294271946E-1,-1.750742555E0,2.614882886E-1
1.277637646E1,2.246550098E-2,-1.612769723E0,2.842006087E-1
1.278641646E1,6.594925188E-3,-1.489215255E0,3.087860942E-1
1.279645746E1,7.477945089E-2,-1.358919859E0,3.339106143E-1
1.280649746E1,9.094829857E-2,-1.196352243E0,3.137456775E-1
1.281653746E1,8.908669651E-2,-1.021101594E0,2.639855146E-1
1.282657846E1,1.164354980E-1,-8.813067079E-1,2.479351610E-1
1.283661846E1,1.715161204E-1,-8.667498827E-1,2.522586286E-1
1.284665846E1,2.523182929E-1,-1.001338720E0,2.473187298E-1
1.285669946E1,2.547341883E-1,-1.097208977E0,2.132029980E-1
1.286673946E1,1.641164124E-1,-9.904108644E-1,1.409911215E-1
1.287678046E1,5.162986368E-2,-7.437513471E-1,8.586992323E-2
1.288682046E1,8.207469946E-4,-4.581113458E-1,4.396401718E-2
1.289686046E1,2.273827232E-2,-2.698112130E-1,1.913468121E-3
1.290690146E1,7.345125079E-2,-2.747881114E-1,-3.778414428E-2
1.291694146E1,8.961132914E-2,-3.003726304E-1,-5.652845651E-2
1.292698246E1,7.599778473E-2,-2.474716008E-1,-7.100033760E-2
1.293702246E1,5.227777734E-2,-1.614132077E-1,-7.746648788E-2
1.294706246E1,3.185266256E-2,-1.152662188E-1,-6.478211284E-2
1.295710346E1,1.345337927E-2,-9.855339676E-2,-7.062955201E-2
1.296714346E1,-1.149804331E-2,-1.414891332E-1,-8.964159340E-2
1.297718346E1,-5.694965273E-2,-1.748223305E-1,-1.137482300E-1
1.298722446E1,-5.596641451E-2,-1.986530870E-1,-1.196559221E-1
1.299726446E1,-1.426534913E-2,-2.747288346E-1,-1.017380655E-1
1.300730546E1,2.280611917E-2,-2.727461159E-1,-6.635983288E-2
1.301734546E1,5.311800912E-2,-2.045608759E-1,-2.944014780E-2
1.302738546E1,6.556881964E-2,-1.937625706E-1,1.232011477E-3
1.303742646E1,7.158380747E-2,-3.309395909E-1,1.957023889E-2
1.304746646E1,5.460269749E-2,-4.570850134E-1,3.676547110E-2
1.305750746E1,1.861486770E-2,-4.961778224E-1,3.944940493E-2
1.306754746E1,-1.545708254E-2,-4.774262309E-1,3.871943429E-2
1.307758746E1,-2.132639103E-2,-5.066788793E-1,3.311453015E-2
1.308762846E1,-1.390501158E-3,-5.782641172E-1,4.257594422E-2
1.309766846E1,2.664002590E-2,-6.348849535E-1,4.865471646E-2
1.310770946E1,6.996832788E-2,-6.108685136E-1,5.215037987E-2
1.311774946E1,1.121687591E-1,-5.991603732E-1,4.095139727E-2
1.312778946E1,1.272904575E-1,-5.592992902E-1,3.884616867E-2
1.313783046E1,1.307706684E-1,-5.091474652E-1,4.551157728E-2
1.314787046E1,1.237606928E-1,-5.039241910E-1,3.997512907E-2
1.315791046E1,1.270376891E-1,-5.066438317E-1,3.459706903E-2
1.316795146E1,1.221041828E-1,-5.381814837E-1,2.006499842E-2
1.317799146E1,9.235843271E-2,-4.709704518E-1,1.318946946E-3
1.318803246E1,8.755355328E-2,-3.518446088E-1,-1.196596585E-2
1.319807246E1,9.707262367E-2,-3.055605292E-1,-1.374988165E-2
1.320811246E1,1.174948066E-1,-3.706708252E-1,2.041331492E-3
1.321815346E1,1.531508714E-1,-4.424878359E-1,3.262712806E-2
1.322819346E1,2.201549411E-1,-5.946765542E-1,6.797180325E-2
1.323823446E1,2.834270895E-1,-7.993561029E-1,1.052662283E-1
1.324827446E1,3.282217383E-1,-1.018891096E0,1.309886426E-1
1.325831446E1,3.517585695E-1,-1.234296560E0,1.512348652E-1
1.326835546E1,3.460591435E-1,-1.325818300E0,1.571673155E-1
1.327839546E1,2.842566371E-1,-1.257620454E0,1.304415017E-1
1.328843546E1,2.067983449E-1,-1.058417082E0,1.086656302E-1
1.329847646E1,2.078543603E-1,-8.129753470E-1,1.109323055E-1
1.330851646E1,2.328643799E-1,-7.076030970E-1,1.060459390E-1
1.331855746E1,2.424509227E-1,-6.639038324E-1,1.059796363E-1
1.332859746E1,2.232412845E-1,-6.764486432E-1,8.505891263E-2
1.333863746E1,1.883281022E-1,-7.261887789E-1,6.044764817E-2
1.334867846E1,1.419986784E-1,-7.136011124E-1,5.742122978E-2
1.335871846E1,1.326506734E-1,-6.420354843E-1,5.702483281E-2
1.336875946E1,1.311260164E-1,-5.926378965E-1,4.796848446E-2
1.337879946E1,1.396773309E-1,-5.522651672E-1,3.487842157E-2
1.338883946E1,1.592568904E-1,-4.967262745E-1,3.105785139E-2
1.339888046E1,1.640884876E-1,-4.108332098E-1,2.898360975E-2
1.340892046E1,1.509242207E-1,-3.036556244E-1,2.983076125E-2
1.341896146E1,1.552478969E-1,-1.832114309E-1,3.783754632E-2
1.342900146E1,1.433648616E-1,-1.068418249E-1,2.516835555E-2
1.343904146E1,9.966512024E-2,-8.120340109E-2,-1.554646413E-3
1.344908246E1,8.670910448E-2,-7.101494819E-2,-8.297503926E-3
1.345912246E1,5.813619122E-2,-7.798414677E-2,-1.407574490E-2
1.346916246E1,3.415815532E-2,-5.669563264E-2,-1.936052367E-2
1.347920346E1,3.005180694E-2,-3.128183633E-2,-2.465150319E-2
1.348924346E1,4.423527047E-2,-1.809306443E-2,-2.966703475E-2
1.349928446E1,6.276963651E-2,-1.893332601E-2,-2.977976017E-2
1.350932446E1,7.287660241E-2,1.487736590E-2,-2.919013612E-2
1.351936446E1,6.775791198E-2,7.171165943E-2,-3.138850257E-2
1.352940546E1,7.103945315E-2,7.644516230E-2,-2.209726535E-2
1.353944546E1,5.981002003E-2,4.834029451E-2,-1.294338051E-2
1.354948646E1,5.120721459E-2,3.705062345E-2,-1.733869314E-3
1.355952646E1,4.500628635E-2,1.137413899E-3,5.444332957E-3
1.356956646E1,4.133565351E-2,-4.855797067E-2,1.167506538E-2
1.357960746E1,4.011138529E-2,-4.818417132E-2,1.377745718E-2
1.358964746E1,5.600167066E-2,-6.470376253E-2,1.750108786E-2
1.359968846E1,5.905469880E-2,-9.673727304E-2,1.438457891E-2
1.360972846E1,4.717939720E-2,-5.939310044E-2,2.753756242E-3
1.361976846E1,3.843628243E-2,1.799032651E-2,-1.171375252E-2
1.362980946E1,3.458215669E-2,8.437494189E-2,-2.305722050E-2
1.363984946E1,4.223131016E-2,5.808683112E-2,-3.001917526E-2
1.364988946E1,3.484103829E-2,2.136317082E-2,-2.928014845E-2
1.365993046E1,2.702151611E-2,1.468317211E-2,-2.411406301E-2
1.366997046E1,1.816277578E-2,2.028806135E-2,-1.503641251E-2
1.368001146E1,1.470122859E-2,2.131796256E-2,-1.319456846E-2
1.369005146E1,1.681764238E-2,2.806987613E-2,-1.176551636E-2
1.370009146E1,1.712784544E-2,5.127287284E-2,-1.743436605E-2
1.371013246E1,1.995266043E-2,8.379565924E-2,-2.700097300E-2
1.372017246E1,1.759867743E-2,1.182378903E-1,-3.400069103E-2
1.373021346E1,2.622039616E-2,7.251967490E-2,-3.431441262E-2
1.374025442E1,2.650431916E-2,1.746100746E-2,-2.432835847E-2
1.375029442E1,3.502137586E-2,-2.426753007E-2,-1.801480353E-2
1.376033542E1,3.218427673E-2,-3.917197138E-2,-1.574419066E-2
1.377037542E1,2.642173134E-2,-2.601355873E-2,-1.659959555E-2
1.378041642E1,1.714576967E-2,1.703613997E-2,-1.941912435E-2
1.379045642E1,1.950879209E-2,6.700848788E-2,-1.950088330E-2
1.380049642E1,2.641079947E-2,1.024492308E-1,-1.520507410E-2
1.381053742E1,2.307465859E-2,1.284129173E-1,-1.182392519E-2
1.382057742E1,2.370980196E-2,9.818076342E-2,-7.788140210E-4
1.383061842E1,2.320939302E-2,6.825003028E-2,1.607606560E-2
1.384065842E1,2.298707515E-2,4.421294108E-2,2.521473728E-2
1.385069842E1,2.186268941E-2,4.931795225E-2,3.243882582E-2
1.386073942E1,1.420432329E-2,6.694021076E-2,2.900180966E-2
1.387077942E1,7.385032717E-3,7.571133226E-2,1.788231358E-2
1.388081942E1,3.515696153E-3,3.501737490E-2,9.941822849E-3
1.389086042E1,-1.001502667E-2,2.508325130E-2,7.819017395E-3
1.390090042E1,-1.902129501E-2,6.713227183E-2,6.286015268E-3
1.391094142E1,-2.430793643E-2,1.195049360E-1,8.523070253E-3
1.392098142E1,-2.339207008E-2,1.273767650E-1,1.589891873E-2
1.393102142E1,-2.347462811E-2,8.419519663E-2,2.464793622E-2
1.394106242E1,-2.521340549E-2,7.204718888E-2,2.948743105E-2
1.395110242E1,-2.391884290E-2,7.408557087E-2,3.675573319E-2
1.396114342E1,-1.524370164E-2,7.060634345E-2,4.104754701E-2
1.397118342E1,-1.956392080E-3,4.405862838E-2,4.230189696E-2
1.398122342E1,9.092289954E-3,1.067644171E-2,3.447463736E-2
1.399126442E1,2.561686328E-3,5.305910949E-3,2.557382174E-2
1.400130442E1,-3.067980055E-3,3.654548153E-2,1.632714830E-2
1.401134542E1,-3.639760893E-3,6.088064983E-2,1.181921642E-2
1.402138542E1,-3.588321153E-3,4.876369983E-2,8.196161129E-3
1.403142542E1,-3.771014046E-3,3.556879982E-2,1.035412028E-2
1.404146642E1,-1.201321557E-2,2.512271330E-2,8.971807547E-3
1.405150642E1,-2.112309262E-2,1.950051449E-2,1.250981726E-2
1.406154742E1,-4.636316374E-2,-3.054949082E-2,1.880549267E-2
1.407158742E1,-3.408705816E-2,-3.412771225E-2,2.109075151E-2
1.408162742E1,-2.572160773E-2,-2.902984992E-2,2.120774612E-2
1.409166842E1,-3.172250837E-2,-1.149346679E-2,2.622194588E-2
1.410170842E1,-4.327286780E-2,-4.284887761E-2,2.365115099E-2
1.411174942E1,-5.659613013E-2,-1.048920155E-1,2.396487258E-2
1.412178942E1,-9.991005063E-2,-2.362218499E-1,2.976075374E-2
1.413182942E1,-2.216026634E-1,-5.188413262E-1,7.532945834E-3
1.414187042E1,-2.323774546E-1,-5.587268472E-1,1.047510933E-2
1.415191042E1,-2.759129405E-1,-5.811282992E-1,2.085619606E-3
1.416195142E1,-3.226141930E-1,-6.378278136E-1,-1.838647947E-2
1.417199142E1,-3.812921345E-1,-7.065536380E-1,-2.781646512E-2
1.418203142E1,-4.459007382E-1,-8.504862785E-1,-3.474020213E-2
1.419207242E1,-4.542239010E-1,-8.728275299E-1,-2.694912627E-2
1.420211242E1,-4.036621749E-1,-7.152997255E-1,-1.491132006E-2
1.421215342E1,-3.098104894E-1,-4.442687333E-1,8.735951968E-3
1.422219342E1,-2.047670186E-1,-1.602049768E-1,2.559157833E-2
1.423223342E1,-9.157522023E-2,1.024112031E-1,2.932373248E-2
1.424227442E1,2.400334366E-2,3.324908614E-1,2.240266092E-2
1.425231442E1,1.469266117E-1,5.871871114E-1,2.357711457E-2
1.426235542E1,2.297139019E-1,7.763700485E-1,3.079454787E-2
1.427239542E1,2.649964988E-1,8.087974787E-1,3.044940159E-2
1.428243542E1,3.225072324E-1,7.732416987E-1,3.095478192E-2
1.429247642E1,4.246884584E-1,7.675254941E-1,3.987716883E-2
1.430251642E1,4.765730798E-1,6.479271650E-1,4.761262611E-2
